UTCTime,ClockTime,energy
2025-03-01 00:00:00+00:00,2025-03-01 00:00:00+00:00,0.0
2025-03-01 00:30:00+00:00,2025-03-01 00:30:00+00:00,0.0
2025-03-01 01:00:00+00:00,2025-03-01 01:00:00+00:00,0.0
2025-03-01 01:30:00+00:00,2025-03-01 01:30:00+00:00,0.0
2025-03-01 02:00:00+00:00,2025-03-01 02:00:00+00:00,0.0
2025-03-01 02:30:00+00:00,2025-03-01 02:30:00+00:00,0.0
2025-03-01 03:00:00+00:00,2025-03-01 03:00:00+00:00,0.0
2025-03-01 03:30:00+00:00,2025-03-01 03:30:00+00:00,0.0
2025-03-01 04:00:00+00:00,2025-03-01 04:00:00+00:00,0.0
2025-03-01 04:30:00+00:00,2025-03-01 04:30:00+00:00,0.0
2025-03-01 05:00:00+00:00,2025-03-01 05:00:00+00:00,0.0
2025-03-01 05:30:00+00:00,2025-03-01 05:30:00+00:00,0.0
2025-03-01 06:00:00+00:00,2025-03-01 06:00:00+00:00,0.0
2025-03-01 06:30:00+00:00,2025-03-01 06:30:00+00:00,0.0
2025-03-01 07:00:00+00:00,2025-03-01 07:00:00+00:00,1.9912765195191464
2025-03-01 07:30:00+00:00,2025-03-01 07:30:00+00:00,12.281480435922731
2025-03-01 08:00:00+00:00,2025-03-01 08:00:00+00:00,25.498523382058575
2025-03-01 08:30:00+00:00,2025-03-01 08:30:00+00:00,36.13457629057859
2025-03-01 09:00:00+00:00,2025-03-01 09:00:00+00:00,47.02827779035272
2025-03-01 09:30:00+00:00,2025-03-01 09:30:00+00:00,54.48447312179724
2025-03-01 10:00:00+00:00,2025-03-01 10:00:00+00:00,58.17998981199593
2025-03-01 10:30:00+00:00,2025-03-01 10:30:00+00:00,58.74388257061946
2025-03-01 11:00:00+00:00,2025-03-01 11:00:00+00:00,54.69825661551646
2025-03-01 11:30:00+00:00,2025-03-01 11:30:00+00:00,66.28153242405335
2025-03-01 12:00:00+00:00,2025-03-01 12:00:00+00:00,65.99289132637364
2025-03-01 12:30:00+00:00,2025-03-01 12:30:00+00:00,65.61703480877247
2025-03-01 13:00:00+00:00,2025-03-01 13:00:00+00:00,65.03456680152203
2025-03-01 13:30:00+00:00,2025-03-01 13:30:00+00:00,63.10915448705486
2025-03-01 14:00:00+00:00,2025-03-01 14:00:00+00:00,59.89376559897823
2025-03-01 14:30:00+00:00,2025-03-01 14:30:00+00:00,40.417073356505625
2025-03-01 15:00:00+00:00,2025-03-01 15:00:00+00:00,27.851625479863284
2025-03-01 15:30:00+00:00,2025-03-01 15:30:00+00:00,37.17573499356297
2025-03-01 16:00:00+00:00,2025-03-01 16:00:00+00:00,18.103525701566806
2025-03-01 16:30:00+00:00,2025-03-01 16:30:00+00:00,12.9445799599755
2025-03-01 17:00:00+00:00,2025-03-01 17:00:00+00:00,3.3939923115772204
2025-03-01 17:30:00+00:00,2025-03-01 17:30:00+00:00,0.5515378099414083
2025-03-01 18:00:00+00:00,2025-03-01 18:00:00+00:00,0.5295524764254644
2025-03-01 18:30:00+00:00,2025-03-01 18:30:00+00:00,0.23830551102688902
2025-03-01 19:00:00+00:00,2025-03-01 19:00:00+00:00,0.5267210232047241
2025-03-01 19:30:00+00:00,2025-03-01 19:30:00+00:00,0.22333019151581857
2025-03-01 20:00:00+00:00,2025-03-01 20:00:00+00:00,0.3733348684733073
2025-03-01 20:30:00+00:00,2025-03-01 20:30:00+00:00,0.33172185911632823
2025-03-01 21:00:00+00:00,2025-03-01 21:00:00+00:00,0.3777171838194686
2025-03-01 21:30:00+00:00,2025-03-01 21:30:00+00:00,0.21266638559116657
2025-03-01 22:00:00+00:00,2025-03-01 22:00:00+00:00,0.17629913217831272
2025-03-01 22:30:00+00:00,2025-03-01 22:30:00+00:00,0.06901053357997422
2025-03-01 23:00:00+00:00,2025-03-01 23:00:00+00:00,0.15958653891656605
2025-03-01 23:30:00+00:00,2025-03-01 23:30:00+00:00,0.07662626072847911
2025-03-02 00:00:00+00:00,2025-03-02 00:00:00+00:00,0.0
2025-03-02 00:30:00+00:00,2025-03-02 00:30:00+00:00,0.0
2025-03-02 01:00:00+00:00,2025-03-02 01:00:00+00:00,0.0
2025-03-02 01:30:00+00:00,2025-03-02 01:30:00+00:00,0.0
2025-03-02 02:00:00+00:00,2025-03-02 02:00:00+00:00,0.0
2025-03-02 02:30:00+00:00,2025-03-02 02:30:00+00:00,0.0
2025-03-02 03:00:00+00:00,2025-03-02 03:00:00+00:00,0.0
2025-03-02 03:30:00+00:00,2025-03-02 03:30:00+00:00,0.0
2025-03-02 04:00:00+00:00,2025-03-02 04:00:00+00:00,0.0
2025-03-02 04:30:00+00:00,2025-03-02 04:30:00+00:00,0.0
2025-03-02 05:00:00+00:00,2025-03-02 05:00:00+00:00,0.0
2025-03-02 05:30:00+00:00,2025-03-02 05:30:00+00:00,0.0
2025-03-02 06:00:00+00:00,2025-03-02 06:00:00+00:00,0.0
2025-03-02 06:30:00+00:00,2025-03-02 06:30:00+00:00,0.0
2025-03-02 07:00:00+00:00,2025-03-02 07:00:00+00:00,2.66113544927077
2025-03-02 07:30:00+00:00,2025-03-02 07:30:00+00:00,12.08117885642389
2025-03-02 08:00:00+00:00,2025-03-02 08:00:00+00:00,29.90739059427392
2025-03-02 08:30:00+00:00,2025-03-02 08:30:00+00:00,40.9197612917078
2025-03-02 09:00:00+00:00,2025-03-02 09:00:00+00:00,49.499786114082546
2025-03-02 09:30:00+00:00,2025-03-02 09:30:00+00:00,56.04224716535441
2025-03-02 10:00:00+00:00,2025-03-02 10:00:00+00:00,54.115192847205094
2025-03-02 10:30:00+00:00,2025-03-02 10:30:00+00:00,64.60154957142481
2025-03-02 11:00:00+00:00,2025-03-02 11:00:00+00:00,64.25449107797704
2025-03-02 11:30:00+00:00,2025-03-02 11:30:00+00:00,57.15514861753081
2025-03-02 12:00:00+00:00,2025-03-02 12:00:00+00:00,59.96920984243866
2025-03-02 12:30:00+00:00,2025-03-02 12:30:00+00:00,63.930275589765984
2025-03-02 13:00:00+00:00,2025-03-02 13:00:00+00:00,64.18745923982851
2025-03-02 13:30:00+00:00,2025-03-02 13:30:00+00:00,62.657505432721116
2025-03-02 14:00:00+00:00,2025-03-02 14:00:00+00:00,59.11694022981919
2025-03-02 14:30:00+00:00,2025-03-02 14:30:00+00:00,53.88675356591022
2025-03-02 15:00:00+00:00,2025-03-02 15:00:00+00:00,45.97945570085085
2025-03-02 15:30:00+00:00,2025-03-02 15:30:00+00:00,36.901840024317835
2025-03-02 16:00:00+00:00,2025-03-02 16:00:00+00:00,25.560698546280264
2025-03-02 16:30:00+00:00,2025-03-02 16:30:00+00:00,13.15731620348117
2025-03-02 17:00:00+00:00,2025-03-02 17:00:00+00:00,1.9700871252865308
2025-03-02 17:30:00+00:00,2025-03-02 17:30:00+00:00,0.6627457084276793
2025-03-02 18:00:00+00:00,2025-03-02 18:00:00+00:00,0.0
2025-03-02 18:30:00+00:00,2025-03-02 18:30:00+00:00,0.0
2025-03-02 19:00:00+00:00,2025-03-02 19:00:00+00:00,0.0
2025-03-02 19:30:00+00:00,2025-03-02 19:30:00+00:00,0.0
2025-03-02 20:00:00+00:00,2025-03-02 20:00:00+00:00,0.0
2025-03-02 20:30:00+00:00,2025-03-02 20:30:00+00:00,0.0
2025-03-02 21:00:00+00:00,2025-03-02 21:00:00+00:00,0.0
2025-03-02 21:30:00+00:00,2025-03-02 21:30:00+00:00,0.0
2025-03-02 22:00:00+00:00,2025-03-02 22:00:00+00:00,0.0
2025-03-02 22:30:00+00:00,2025-03-02 22:30:00+00:00,0.0
2025-03-02 23:00:00+00:00,2025-03-02 23:00:00+00:00,0.0
2025-03-02 23:30:00+00:00,2025-03-02 23:30:00+00:00,0.0
2025-03-03 00:00:00+00:00,2025-03-03 00:00:00+00:00,0.0
2025-03-03 00:30:00+00:00,2025-03-03 00:30:00+00:00,0.0
2025-03-03 01:00:00+00:00,2025-03-03 01:00:00+00:00,0.0
2025-03-03 01:30:00+00:00,2025-03-03 01:30:00+00:00,0.0
2025-03-03 02:00:00+00:00,2025-03-03 02:00:00+00:00,0.0
2025-03-03 02:30:00+00:00,2025-03-03 02:30:00+00:00,0.0
2025-03-03 03:00:00+00:00,2025-03-03 03:00:00+00:00,0.0
2025-03-03 03:30:00+00:00,2025-03-03 03:30:00+00:00,0.0
2025-03-03 04:00:00+00:00,2025-03-03 04:00:00+00:00,0.0
2025-03-03 04:30:00+00:00,2025-03-03 04:30:00+00:00,0.0
2025-03-03 05:00:00+00:00,2025-03-03 05:00:00+00:00,0.0
2025-03-03 05:30:00+00:00,2025-03-03 05:30:00+00:00,0.0
2025-03-03 06:00:00+00:00,2025-03-03 06:00:00+00:00,0.0
2025-03-03 06:30:00+00:00,2025-03-03 06:30:00+00:00,0.09579323492812364
2025-03-03 07:00:00+00:00,2025-03-03 07:00:00+00:00,3.0645767482411257
2025-03-03 07:30:00+00:00,2025-03-03 07:30:00+00:00,16.077750363831797
2025-03-03 08:00:00+00:00,2025-03-03 08:00:00+00:00,28.264348326279332
2025-03-03 08:30:00+00:00,2025-03-03 08:30:00+00:00,39.19300468542497
2025-03-03 09:00:00+00:00,2025-03-03 09:00:00+00:00,48.43541408225349
2025-03-03 09:30:00+00:00,2025-03-03 09:30:00+00:00,55.45765980217277
2025-03-03 10:00:00+00:00,2025-03-03 10:00:00+00:00,60.06800638900642
2025-03-03 10:30:00+00:00,2025-03-03 10:30:00+00:00,63.49257539110203
2025-03-03 11:00:00+00:00,2025-03-03 11:00:00+00:00,64.86807499690667
2025-03-03 11:30:00+00:00,2025-03-03 11:30:00+00:00,65.99129092775127
2025-03-03 12:00:00+00:00,2025-03-03 12:00:00+00:00,66.01000820834349
2025-03-03 12:30:00+00:00,2025-03-03 12:30:00+00:00,65.64930161485142
2025-03-03 13:00:00+00:00,2025-03-03 13:00:00+00:00,64.97461868913581
2025-03-03 13:30:00+00:00,2025-03-03 13:30:00+00:00,63.1581051213268
2025-03-03 14:00:00+00:00,2025-03-03 14:00:00+00:00,59.4536140786189
2025-03-03 14:30:00+00:00,2025-03-03 14:30:00+00:00,53.461757749820656
2025-03-03 15:00:00+00:00,2025-03-03 15:00:00+00:00,47.21038126356177
2025-03-03 15:30:00+00:00,2025-03-03 15:30:00+00:00,37.986588653643246
2025-03-03 16:00:00+00:00,2025-03-03 16:00:00+00:00,26.284011784842725
2025-03-03 16:30:00+00:00,2025-03-03 16:30:00+00:00,15.188815479962955
2025-03-03 17:00:00+00:00,2025-03-03 17:00:00+00:00,4.723769944310938
2025-03-03 17:30:00+00:00,2025-03-03 17:30:00+00:00,0.4227126909976633
2025-03-03 18:00:00+00:00,2025-03-03 18:00:00+00:00,0.4039184148273307
2025-03-03 18:30:00+00:00,2025-03-03 18:30:00+00:00,0.0
2025-03-03 19:00:00+00:00,2025-03-03 19:00:00+00:00,0.0
2025-03-03 19:30:00+00:00,2025-03-03 19:30:00+00:00,0.0
2025-03-03 20:00:00+00:00,2025-03-03 20:00:00+00:00,0.0
2025-03-03 20:30:00+00:00,2025-03-03 20:30:00+00:00,0.0
2025-03-03 21:00:00+00:00,2025-03-03 21:00:00+00:00,0.0
2025-03-03 21:30:00+00:00,2025-03-03 21:30:00+00:00,0.0
2025-03-03 22:00:00+00:00,2025-03-03 22:00:00+00:00,0.0
2025-03-03 22:30:00+00:00,2025-03-03 22:30:00+00:00,0.0
2025-03-03 23:00:00+00:00,2025-03-03 23:00:00+00:00,0.0
2025-03-03 23:30:00+00:00,2025-03-03 23:30:00+00:00,0.0
2025-03-04 00:00:00+00:00,2025-03-04 00:00:00+00:00,0.0
2025-03-04 00:30:00+00:00,2025-03-04 00:30:00+00:00,0.0
2025-03-04 01:00:00+00:00,2025-03-04 01:00:00+00:00,0.0
2025-03-04 01:30:00+00:00,2025-03-04 01:30:00+00:00,0.0
2025-03-04 02:00:00+00:00,2025-03-04 02:00:00+00:00,0.0
2025-03-04 02:30:00+00:00,2025-03-04 02:30:00+00:00,0.0
2025-03-04 03:00:00+00:00,2025-03-04 03:00:00+00:00,0.0
2025-03-04 03:30:00+00:00,2025-03-04 03:30:00+00:00,0.0
2025-03-04 04:00:00+00:00,2025-03-04 04:00:00+00:00,0.0
2025-03-04 04:30:00+00:00,2025-03-04 04:30:00+00:00,0.0
2025-03-04 05:00:00+00:00,2025-03-04 05:00:00+00:00,0.0
2025-03-04 05:30:00+00:00,2025-03-04 05:30:00+00:00,0.0
2025-03-04 06:00:00+00:00,2025-03-04 06:00:00+00:00,0.0
2025-03-04 06:30:00+00:00,2025-03-04 06:30:00+00:00,0.2540721629359828
2025-03-04 07:00:00+00:00,2025-03-04 07:00:00+00:00,2.1800894215991393
2025-03-04 07:30:00+00:00,2025-03-04 07:30:00+00:00,12.719138343066334
2025-03-04 08:00:00+00:00,2025-03-04 08:00:00+00:00,25.322292277417322
2025-03-04 08:30:00+00:00,2025-03-04 08:30:00+00:00,36.085177214294504
2025-03-04 09:00:00+00:00,2025-03-04 09:00:00+00:00,45.58902480175493
2025-03-04 09:30:00+00:00,2025-03-04 09:30:00+00:00,52.85310079929444
2025-03-04 10:00:00+00:00,2025-03-04 10:00:00+00:00,57.799913199785806
2025-03-04 10:30:00+00:00,2025-03-04 10:30:00+00:00,60.91237733679259
2025-03-04 11:00:00+00:00,2025-03-04 11:00:00+00:00,63.174139318185325
2025-03-04 11:30:00+00:00,2025-03-04 11:30:00+00:00,63.983413773838606
2025-03-04 12:00:00+00:00,2025-03-04 12:00:00+00:00,64.66310733949842
2025-03-04 12:30:00+00:00,2025-03-04 12:30:00+00:00,63.44180267917249
2025-03-04 13:00:00+00:00,2025-03-04 13:00:00+00:00,63.56799789379727
2025-03-04 13:30:00+00:00,2025-03-04 13:30:00+00:00,61.89841080263227
2025-03-04 14:00:00+00:00,2025-03-04 14:00:00+00:00,58.28322509201438
2025-03-04 14:30:00+00:00,2025-03-04 14:30:00+00:00,53.47497168135225
2025-03-04 15:00:00+00:00,2025-03-04 15:00:00+00:00,45.80380562626078
2025-03-04 15:30:00+00:00,2025-03-04 15:30:00+00:00,36.391689985992905
2025-03-04 16:00:00+00:00,2025-03-04 16:00:00+00:00,24.26097319754501
2025-03-04 16:30:00+00:00,2025-03-04 16:30:00+00:00,14.694349671396822
2025-03-04 17:00:00+00:00,2025-03-04 17:00:00+00:00,4.206620690613739
2025-03-04 17:30:00+00:00,2025-03-04 17:30:00+00:00,0.5562486561676678
2025-03-04 18:00:00+00:00,2025-03-04 18:00:00+00:00,0.0
2025-03-04 18:30:00+00:00,2025-03-04 18:30:00+00:00,0.0
2025-03-04 19:00:00+00:00,2025-03-04 19:00:00+00:00,0.0
2025-03-04 19:30:00+00:00,2025-03-04 19:30:00+00:00,0.0
2025-03-04 20:00:00+00:00,2025-03-04 20:00:00+00:00,0.0
2025-03-04 20:30:00+00:00,2025-03-04 20:30:00+00:00,0.0
2025-03-04 21:00:00+00:00,2025-03-04 21:00:00+00:00,0.0
2025-03-04 21:30:00+00:00,2025-03-04 21:30:00+00:00,0.0
2025-03-04 22:00:00+00:00,2025-03-04 22:00:00+00:00,0.0
2025-03-04 22:30:00+00:00,2025-03-04 22:30:00+00:00,0.0
2025-03-04 23:00:00+00:00,2025-03-04 23:00:00+00:00,0.0
2025-03-04 23:30:00+00:00,2025-03-04 23:30:00+00:00,0.0
2025-03-05 00:00:00+00:00,2025-03-05 00:00:00+00:00,0.0
2025-03-05 00:30:00+00:00,2025-03-05 00:30:00+00:00,0.0
2025-03-05 01:00:00+00:00,2025-03-05 01:00:00+00:00,0.0
2025-03-05 01:30:00+00:00,2025-03-05 01:30:00+00:00,0.0
2025-03-05 02:00:00+00:00,2025-03-05 02:00:00+00:00,0.0
2025-03-05 02:30:00+00:00,2025-03-05 02:30:00+00:00,0.0
2025-03-05 03:00:00+00:00,2025-03-05 03:00:00+00:00,0.0
2025-03-05 03:30:00+00:00,2025-03-05 03:30:00+00:00,0.0
2025-03-05 04:00:00+00:00,2025-03-05 04:00:00+00:00,0.0
2025-03-05 04:30:00+00:00,2025-03-05 04:30:00+00:00,0.0
2025-03-05 05:00:00+00:00,2025-03-05 05:00:00+00:00,0.0
2025-03-05 05:30:00+00:00,2025-03-05 05:30:00+00:00,0.0
2025-03-05 06:00:00+00:00,2025-03-05 06:00:00+00:00,0.0
2025-03-05 06:30:00+00:00,2025-03-05 06:30:00+00:00,0.46772063151865995
2025-03-05 07:00:00+00:00,2025-03-05 07:00:00+00:00,0.9300102509659305
2025-03-05 07:30:00+00:00,2025-03-05 07:30:00+00:00,6.09032765532811
2025-03-05 08:00:00+00:00,2025-03-05 08:00:00+00:00,18.361715740343016
2025-03-05 08:30:00+00:00,2025-03-05 08:30:00+00:00,31.277840262870992
2025-03-05 09:00:00+00:00,2025-03-05 09:00:00+00:00,40.93568406902875
2025-03-05 09:30:00+00:00,2025-03-05 09:30:00+00:00,43.751965871440234
2025-03-05 10:00:00+00:00,2025-03-05 10:00:00+00:00,43.06734630652318
2025-03-05 10:30:00+00:00,2025-03-05 10:30:00+00:00,43.84693581706097
2025-03-05 11:00:00+00:00,2025-03-05 11:00:00+00:00,31.74733255815454
2025-03-05 11:30:00+00:00,2025-03-05 11:30:00+00:00,34.25182811316995
2025-03-05 12:00:00+00:00,2025-03-05 12:00:00+00:00,43.81149301143546
2025-03-05 12:30:00+00:00,2025-03-05 12:30:00+00:00,56.15269422182859
2025-03-05 13:00:00+00:00,2025-03-05 13:00:00+00:00,62.81077076020631
2025-03-05 13:30:00+00:00,2025-03-05 13:30:00+00:00,61.164501469632455
2025-03-05 14:00:00+00:00,2025-03-05 14:00:00+00:00,57.79406384642414
2025-03-05 14:30:00+00:00,2025-03-05 14:30:00+00:00,52.921045093833406
2025-03-05 15:00:00+00:00,2025-03-05 15:00:00+00:00,45.317166586323424
2025-03-05 15:30:00+00:00,2025-03-05 15:30:00+00:00,34.572663960738964
2025-03-05 16:00:00+00:00,2025-03-05 16:00:00+00:00,24.15618897771776
2025-03-05 16:30:00+00:00,2025-03-05 16:30:00+00:00,6.882285187583986
2025-03-05 17:00:00+00:00,2025-03-05 17:00:00+00:00,0.771665593311087
2025-03-05 17:30:00+00:00,2025-03-05 17:30:00+00:00,0.1382172985452521
2025-03-05 18:00:00+00:00,2025-03-05 18:00:00+00:00,0.0
2025-03-05 18:30:00+00:00,2025-03-05 18:30:00+00:00,0.0
2025-03-05 19:00:00+00:00,2025-03-05 19:00:00+00:00,0.0
2025-03-05 19:30:00+00:00,2025-03-05 19:30:00+00:00,0.0
2025-03-05 20:00:00+00:00,2025-03-05 20:00:00+00:00,0.0
2025-03-05 20:30:00+00:00,2025-03-05 20:30:00+00:00,0.0
2025-03-05 21:00:00+00:00,2025-03-05 21:00:00+00:00,0.0
2025-03-05 21:30:00+00:00,2025-03-05 21:30:00+00:00,0.0
2025-03-05 22:00:00+00:00,2025-03-05 22:00:00+00:00,0.0
2025-03-05 22:30:00+00:00,2025-03-05 22:30:00+00:00,0.0
2025-03-05 23:00:00+00:00,2025-03-05 23:00:00+00:00,0.0
2025-03-05 23:30:00+00:00,2025-03-05 23:30:00+00:00,0.0
2025-03-06 00:00:00+00:00,2025-03-06 00:00:00+00:00,0.0
2025-03-06 00:30:00+00:00,2025-03-06 00:30:00+00:00,0.0
2025-03-06 01:00:00+00:00,2025-03-06 01:00:00+00:00,0.0
2025-03-06 01:30:00+00:00,2025-03-06 01:30:00+00:00,0.0
2025-03-06 02:00:00+00:00,2025-03-06 02:00:00+00:00,0.0
2025-03-06 02:30:00+00:00,2025-03-06 02:30:00+00:00,0.0
2025-03-06 03:00:00+00:00,2025-03-06 03:00:00+00:00,0.0
2025-03-06 03:30:00+00:00,2025-03-06 03:30:00+00:00,0.0
2025-03-06 04:00:00+00:00,2025-03-06 04:00:00+00:00,0.0
2025-03-06 04:30:00+00:00,2025-03-06 04:30:00+00:00,0.0
2025-03-06 05:00:00+00:00,2025-03-06 05:00:00+00:00,0.0
2025-03-06 05:30:00+00:00,2025-03-06 05:30:00+00:00,0.0
2025-03-06 06:00:00+00:00,2025-03-06 06:00:00+00:00,0.0
2025-03-06 06:30:00+00:00,2025-03-06 06:30:00+00:00,0.2662799312826093
2025-03-06 07:00:00+00:00,2025-03-06 07:00:00+00:00,3.9538771803480195
2025-03-06 07:30:00+00:00,2025-03-06 07:30:00+00:00,15.728174019672787
2025-03-06 08:00:00+00:00,2025-03-06 08:00:00+00:00,27.93169588978799
2025-03-06 08:30:00+00:00,2025-03-06 08:30:00+00:00,39.432346002431586
2025-03-06 09:00:00+00:00,2025-03-06 09:00:00+00:00,45.93390672718351
2025-03-06 09:30:00+00:00,2025-03-06 09:30:00+00:00,54.109637737883865
2025-03-06 10:00:00+00:00,2025-03-06 10:00:00+00:00,51.992696928781925
2025-03-06 10:30:00+00:00,2025-03-06 10:30:00+00:00,38.02699649447561
2025-03-06 11:00:00+00:00,2025-03-06 11:00:00+00:00,38.304853370607475
2025-03-06 11:30:00+00:00,2025-03-06 11:30:00+00:00,31.7059295236736
2025-03-06 12:00:00+00:00,2025-03-06 12:00:00+00:00,26.286411401874826
2025-03-06 12:30:00+00:00,2025-03-06 12:30:00+00:00,23.38123730215829
2025-03-06 13:00:00+00:00,2025-03-06 13:00:00+00:00,41.99773835712176
2025-03-06 13:30:00+00:00,2025-03-06 13:30:00+00:00,41.25708992713839
2025-03-06 14:00:00+00:00,2025-03-06 14:00:00+00:00,18.22883601300259
2025-03-06 14:30:00+00:00,2025-03-06 14:30:00+00:00,17.200944461557235
2025-03-06 15:00:00+00:00,2025-03-06 15:00:00+00:00,32.555788824725255
2025-03-06 15:30:00+00:00,2025-03-06 15:30:00+00:00,27.67737120055699
2025-03-06 16:00:00+00:00,2025-03-06 16:00:00+00:00,23.40616957590873
2025-03-06 16:30:00+00:00,2025-03-06 16:30:00+00:00,6.036684881195204
2025-03-06 17:00:00+00:00,2025-03-06 17:00:00+00:00,1.1491285359230679
2025-03-06 17:30:00+00:00,2025-03-06 17:30:00+00:00,0.44700720100576063
2025-03-06 18:00:00+00:00,2025-03-06 18:00:00+00:00,0.0
2025-03-06 18:30:00+00:00,2025-03-06 18:30:00+00:00,0.0
2025-03-06 19:00:00+00:00,2025-03-06 19:00:00+00:00,0.0
2025-03-06 19:30:00+00:00,2025-03-06 19:30:00+00:00,0.0
2025-03-06 20:00:00+00:00,2025-03-06 20:00:00+00:00,0.0
2025-03-06 20:30:00+00:00,2025-03-06 20:30:00+00:00,0.0
2025-03-06 21:00:00+00:00,2025-03-06 21:00:00+00:00,0.0
2025-03-06 21:30:00+00:00,2025-03-06 21:30:00+00:00,0.0
2025-03-06 22:00:00+00:00,2025-03-06 22:00:00+00:00,0.0
2025-03-06 22:30:00+00:00,2025-03-06 22:30:00+00:00,0.0
2025-03-06 23:00:00+00:00,2025-03-06 23:00:00+00:00,0.0
2025-03-06 23:30:00+00:00,2025-03-06 23:30:00+00:00,0.0
2025-03-07 00:00:00+00:00,2025-03-07 00:00:00+00:00,0.0
2025-03-07 00:30:00+00:00,2025-03-07 00:30:00+00:00,0.0
2025-03-07 01:00:00+00:00,2025-03-07 01:00:00+00:00,0.0
2025-03-07 01:30:00+00:00,2025-03-07 01:30:00+00:00,0.0
2025-03-07 02:00:00+00:00,2025-03-07 02:00:00+00:00,0.0
2025-03-07 02:30:00+00:00,2025-03-07 02:30:00+00:00,0.0
2025-03-07 03:00:00+00:00,2025-03-07 03:00:00+00:00,0.0
2025-03-07 03:30:00+00:00,2025-03-07 03:30:00+00:00,0.0
2025-03-07 04:00:00+00:00,2025-03-07 04:00:00+00:00,0.0
2025-03-07 04:30:00+00:00,2025-03-07 04:30:00+00:00,0.0
2025-03-07 05:00:00+00:00,2025-03-07 05:00:00+00:00,0.0
2025-03-07 05:30:00+00:00,2025-03-07 05:30:00+00:00,0.0
2025-03-07 06:00:00+00:00,2025-03-07 06:00:00+00:00,0.0
2025-03-07 06:30:00+00:00,2025-03-07 06:30:00+00:00,0.3848720454129563
2025-03-07 07:00:00+00:00,2025-03-07 07:00:00+00:00,1.2527572215986233
2025-03-07 07:30:00+00:00,2025-03-07 07:30:00+00:00,1.421461016086234
2025-03-07 08:00:00+00:00,2025-03-07 08:00:00+00:00,1.8144706641686486
2025-03-07 08:30:00+00:00,2025-03-07 08:30:00+00:00,3.295389623931211
2025-03-07 09:00:00+00:00,2025-03-07 09:00:00+00:00,9.331742861989593
2025-03-07 09:30:00+00:00,2025-03-07 09:30:00+00:00,8.095460877744923
2025-03-07 10:00:00+00:00,2025-03-07 10:00:00+00:00,5.813985983026096
2025-03-07 10:30:00+00:00,2025-03-07 10:30:00+00:00,4.9151351736581965
2025-03-07 11:00:00+00:00,2025-03-07 11:00:00+00:00,3.20960295593238
2025-03-07 11:30:00+00:00,2025-03-07 11:30:00+00:00,2.041227452772846
2025-03-07 12:00:00+00:00,2025-03-07 12:00:00+00:00,1.5385955410774048
2025-03-07 12:30:00+00:00,2025-03-07 12:30:00+00:00,3.8636907354794667
2025-03-07 13:00:00+00:00,2025-03-07 13:00:00+00:00,3.698777539420687
2025-03-07 13:30:00+00:00,2025-03-07 13:30:00+00:00,4.306015155733117
2025-03-07 14:00:00+00:00,2025-03-07 14:00:00+00:00,3.1335740070833205
2025-03-07 14:30:00+00:00,2025-03-07 14:30:00+00:00,2.490097649090667
2025-03-07 15:00:00+00:00,2025-03-07 15:00:00+00:00,2.075555665509906
2025-03-07 15:30:00+00:00,2025-03-07 15:30:00+00:00,1.727923531454353
2025-03-07 16:00:00+00:00,2025-03-07 16:00:00+00:00,1.2565556805026057
2025-03-07 16:30:00+00:00,2025-03-07 16:30:00+00:00,0.6132707590613762
2025-03-07 17:00:00+00:00,2025-03-07 17:00:00+00:00,0.2230606648156851
2025-03-07 17:30:00+00:00,2025-03-07 17:30:00+00:00,0.18353270085280293
2025-03-07 18:00:00+00:00,2025-03-07 18:00:00+00:00,0.0
2025-03-07 18:30:00+00:00,2025-03-07 18:30:00+00:00,0.0
2025-03-07 19:00:00+00:00,2025-03-07 19:00:00+00:00,0.0
2025-03-07 19:30:00+00:00,2025-03-07 19:30:00+00:00,0.0
2025-03-07 20:00:00+00:00,2025-03-07 20:00:00+00:00,0.0
2025-03-07 20:30:00+00:00,2025-03-07 20:30:00+00:00,0.0
2025-03-07 21:00:00+00:00,2025-03-07 21:00:00+00:00,0.0
2025-03-07 21:30:00+00:00,2025-03-07 21:30:00+00:00,0.0
2025-03-07 22:00:00+00:00,2025-03-07 22:00:00+00:00,0.0
2025-03-07 22:30:00+00:00,2025-03-07 22:30:00+00:00,0.0
2025-03-07 23:00:00+00:00,2025-03-07 23:00:00+00:00,0.0
2025-03-07 23:30:00+00:00,2025-03-07 23:30:00+00:00,0.0
2025-03-08 00:00:00+00:00,2025-03-08 00:00:00+00:00,0.0
2025-03-08 00:30:00+00:00,2025-03-08 00:30:00+00:00,0.0
2025-03-08 01:00:00+00:00,2025-03-08 01:00:00+00:00,0.0
2025-03-08 01:30:00+00:00,2025-03-08 01:30:00+00:00,0.0
2025-03-08 02:00:00+00:00,2025-03-08 02:00:00+00:00,0.0
2025-03-08 02:30:00+00:00,2025-03-08 02:30:00+00:00,0.0
2025-03-08 03:00:00+00:00,2025-03-08 03:00:00+00:00,0.0
2025-03-08 03:30:00+00:00,2025-03-08 03:30:00+00:00,0.0
2025-03-08 04:00:00+00:00,2025-03-08 04:00:00+00:00,0.0
2025-03-08 04:30:00+00:00,2025-03-08 04:30:00+00:00,0.0
2025-03-08 05:00:00+00:00,2025-03-08 05:00:00+00:00,0.0
2025-03-08 05:30:00+00:00,2025-03-08 05:30:00+00:00,0.0
2025-03-08 06:00:00+00:00,2025-03-08 06:00:00+00:00,0.0
2025-03-08 06:30:00+00:00,2025-03-08 06:30:00+00:00,0.4860015487605909
2025-03-08 07:00:00+00:00,2025-03-08 07:00:00+00:00,4.466640381103387
2025-03-08 07:30:00+00:00,2025-03-08 07:30:00+00:00,16.677824950818717
2025-03-08 08:00:00+00:00,2025-03-08 08:00:00+00:00,15.827768044492128
2025-03-08 08:30:00+00:00,2025-03-08 08:30:00+00:00,25.370129583132666
2025-03-08 09:00:00+00:00,2025-03-08 09:00:00+00:00,44.17049391436876
2025-03-08 09:30:00+00:00,2025-03-08 09:30:00+00:00,28.141837320194554
2025-03-08 10:00:00+00:00,2025-03-08 10:00:00+00:00,28.788085022285937
2025-03-08 10:30:00+00:00,2025-03-08 10:30:00+00:00,35.04812063565725
2025-03-08 11:00:00+00:00,2025-03-08 11:00:00+00:00,22.30106552695667
2025-03-08 11:30:00+00:00,2025-03-08 11:30:00+00:00,24.50239286871806
2025-03-08 12:00:00+00:00,2025-03-08 12:00:00+00:00,28.69917379883065
2025-03-08 12:30:00+00:00,2025-03-08 12:30:00+00:00,40.05786058824515
2025-03-08 13:00:00+00:00,2025-03-08 13:00:00+00:00,52.435501624037215
2025-03-08 13:30:00+00:00,2025-03-08 13:30:00+00:00,16.761847361623037
2025-03-08 14:00:00+00:00,2025-03-08 14:00:00+00:00,8.341703020100336
2025-03-08 14:30:00+00:00,2025-03-08 14:30:00+00:00,40.554855006878824
2025-03-08 15:00:00+00:00,2025-03-08 15:00:00+00:00,17.935332729794823
2025-03-08 15:30:00+00:00,2025-03-08 15:30:00+00:00,13.7873637376839
2025-03-08 16:00:00+00:00,2025-03-08 16:00:00+00:00,6.0028206803611965
2025-03-08 16:30:00+00:00,2025-03-08 16:30:00+00:00,2.423002368026418
2025-03-08 17:00:00+00:00,2025-03-08 17:00:00+00:00,1.2634512943362195
2025-03-08 17:30:00+00:00,2025-03-08 17:30:00+00:00,0.5815031373933266
2025-03-08 18:00:00+00:00,2025-03-08 18:00:00+00:00,0.0
2025-03-08 18:30:00+00:00,2025-03-08 18:30:00+00:00,0.0
2025-03-08 19:00:00+00:00,2025-03-08 19:00:00+00:00,0.0
2025-03-08 19:30:00+00:00,2025-03-08 19:30:00+00:00,0.0
2025-03-08 20:00:00+00:00,2025-03-08 20:00:00+00:00,0.0
2025-03-08 20:30:00+00:00,2025-03-08 20:30:00+00:00,0.0
2025-03-08 21:00:00+00:00,2025-03-08 21:00:00+00:00,0.0
2025-03-08 21:30:00+00:00,2025-03-08 21:30:00+00:00,0.0
2025-03-08 22:00:00+00:00,2025-03-08 22:00:00+00:00,0.0
2025-03-08 22:30:00+00:00,2025-03-08 22:30:00+00:00,0.0
2025-03-08 23:00:00+00:00,2025-03-08 23:00:00+00:00,0.0
2025-03-08 23:30:00+00:00,2025-03-08 23:30:00+00:00,0.0
2025-03-09 00:00:00+00:00,2025-03-09 00:00:00+00:00,0.0
2025-03-09 00:30:00+00:00,2025-03-09 00:30:00+00:00,0.0
2025-03-09 01:00:00+00:00,2025-03-09 01:00:00+00:00,0.0
2025-03-09 01:30:00+00:00,2025-03-09 01:30:00+00:00,0.0
2025-03-09 02:00:00+00:00,2025-03-09 02:00:00+00:00,0.0
2025-03-09 02:30:00+00:00,2025-03-09 02:30:00+00:00,0.0
2025-03-09 03:00:00+00:00,2025-03-09 03:00:00+00:00,0.0
2025-03-09 03:30:00+00:00,2025-03-09 03:30:00+00:00,0.0
2025-03-09 04:00:00+00:00,2025-03-09 04:00:00+00:00,0.0
2025-03-09 04:30:00+00:00,2025-03-09 04:30:00+00:00,0.0
2025-03-09 05:00:00+00:00,2025-03-09 05:00:00+00:00,0.0
2025-03-09 05:30:00+00:00,2025-03-09 05:30:00+00:00,0.0
2025-03-09 06:00:00+00:00,2025-03-09 06:00:00+00:00,0.0
2025-03-09 06:30:00+00:00,2025-03-09 06:30:00+00:00,0.29572785555298564
2025-03-09 07:00:00+00:00,2025-03-09 07:00:00+00:00,2.3506153287175158
2025-03-09 07:30:00+00:00,2025-03-09 07:30:00+00:00,9.464872834170816
2025-03-09 08:00:00+00:00,2025-03-09 08:00:00+00:00,16.456834677791672
2025-03-09 08:30:00+00:00,2025-03-09 08:30:00+00:00,22.506392010317875
2025-03-09 09:00:00+00:00,2025-03-09 09:00:00+00:00,33.832704362289064
2025-03-09 09:30:00+00:00,2025-03-09 09:30:00+00:00,46.183870770550584
2025-03-09 10:00:00+00:00,2025-03-09 10:00:00+00:00,42.54771776678467
2025-03-09 10:30:00+00:00,2025-03-09 10:30:00+00:00,41.45154044082119
2025-03-09 11:00:00+00:00,2025-03-09 11:00:00+00:00,54.8579692763841
2025-03-09 11:30:00+00:00,2025-03-09 11:30:00+00:00,53.42495995889612
2025-03-09 12:00:00+00:00,2025-03-09 12:00:00+00:00,62.72298646229183
2025-03-09 12:30:00+00:00,2025-03-09 12:30:00+00:00,37.14499904490435
2025-03-09 13:00:00+00:00,2025-03-09 13:00:00+00:00,56.85384776761316
2025-03-09 13:30:00+00:00,2025-03-09 13:30:00+00:00,55.71258779807829
2025-03-09 14:00:00+00:00,2025-03-09 14:00:00+00:00,28.66870164681688
2025-03-09 14:30:00+00:00,2025-03-09 14:30:00+00:00,51.80685575158668
2025-03-09 15:00:00+00:00,2025-03-09 15:00:00+00:00,25.264780587994316
2025-03-09 15:30:00+00:00,2025-03-09 15:30:00+00:00,30.894197148385953
2025-03-09 16:00:00+00:00,2025-03-09 16:00:00+00:00,14.568467070086736
2025-03-09 16:30:00+00:00,2025-03-09 16:30:00+00:00,4.394933890050308
2025-03-09 17:00:00+00:00,2025-03-09 17:00:00+00:00,2.1049264948469864
2025-03-09 17:30:00+00:00,2025-03-09 17:30:00+00:00,1.0555820444234867
2025-03-09 18:00:00+00:00,2025-03-09 18:00:00+00:00,0.0
2025-03-09 18:30:00+00:00,2025-03-09 18:30:00+00:00,0.0
2025-03-09 19:00:00+00:00,2025-03-09 19:00:00+00:00,0.0
2025-03-09 19:30:00+00:00,2025-03-09 19:30:00+00:00,0.0
2025-03-09 20:00:00+00:00,2025-03-09 20:00:00+00:00,0.0
2025-03-09 20:30:00+00:00,2025-03-09 20:30:00+00:00,0.0
2025-03-09 21:00:00+00:00,2025-03-09 21:00:00+00:00,0.0
2025-03-09 21:30:00+00:00,2025-03-09 21:30:00+00:00,0.0
2025-03-09 22:00:00+00:00,2025-03-09 22:00:00+00:00,0.0
2025-03-09 22:30:00+00:00,2025-03-09 22:30:00+00:00,0.0
2025-03-09 23:00:00+00:00,2025-03-09 23:00:00+00:00,0.0
2025-03-09 23:30:00+00:00,2025-03-09 23:30:00+00:00,0.0
2025-03-10 00:00:00+00:00,2025-03-10 00:00:00+00:00,0.0
2025-03-10 00:30:00+00:00,2025-03-10 00:30:00+00:00,0.0
2025-03-10 01:00:00+00:00,2025-03-10 01:00:00+00:00,0.0
2025-03-10 01:30:00+00:00,2025-03-10 01:30:00+00:00,0.0
2025-03-10 02:00:00+00:00,2025-03-10 02:00:00+00:00,0.0
2025-03-10 02:30:00+00:00,2025-03-10 02:30:00+00:00,0.0
2025-03-10 03:00:00+00:00,2025-03-10 03:00:00+00:00,0.0
2025-03-10 03:30:00+00:00,2025-03-10 03:30:00+00:00,0.0
2025-03-10 04:00:00+00:00,2025-03-10 04:00:00+00:00,0.0
2025-03-10 04:30:00+00:00,2025-03-10 04:30:00+00:00,0.0
2025-03-10 05:00:00+00:00,2025-03-10 05:00:00+00:00,0.0
2025-03-10 05:30:00+00:00,2025-03-10 05:30:00+00:00,0.0
2025-03-10 06:00:00+00:00,2025-03-10 06:00:00+00:00,0.0
2025-03-10 06:30:00+00:00,2025-03-10 06:30:00+00:00,0.0
2025-03-10 07:00:00+00:00,2025-03-10 07:00:00+00:00,0.7948266912195907
2025-03-10 07:30:00+00:00,2025-03-10 07:30:00+00:00,0.8718385050252264
2025-03-10 08:00:00+00:00,2025-03-10 08:00:00+00:00,1.2041193682912288
2025-03-10 08:30:00+00:00,2025-03-10 08:30:00+00:00,6.569226091768121
2025-03-10 09:00:00+00:00,2025-03-10 09:00:00+00:00,8.923923654554297
2025-03-10 09:30:00+00:00,2025-03-10 09:30:00+00:00,8.213577748782876
2025-03-10 10:00:00+00:00,2025-03-10 10:00:00+00:00,10.798741022832015
2025-03-10 10:30:00+00:00,2025-03-10 10:30:00+00:00,14.784410661363717
2025-03-10 11:00:00+00:00,2025-03-10 11:00:00+00:00,21.201981432924523
2025-03-10 11:30:00+00:00,2025-03-10 11:30:00+00:00,30.899148947334762
2025-03-10 12:00:00+00:00,2025-03-10 12:00:00+00:00,28.133715986070108
2025-03-10 12:30:00+00:00,2025-03-10 12:30:00+00:00,32.03539744907425
2025-03-10 13:00:00+00:00,2025-03-10 13:00:00+00:00,37.51960294221158
2025-03-10 13:30:00+00:00,2025-03-10 13:30:00+00:00,39.94322398716485
2025-03-10 14:00:00+00:00,2025-03-10 14:00:00+00:00,23.611928121320034
2025-03-10 14:30:00+00:00,2025-03-10 14:30:00+00:00,27.65103034064463
2025-03-10 15:00:00+00:00,2025-03-10 15:00:00+00:00,16.630554921015
2025-03-10 15:30:00+00:00,2025-03-10 15:30:00+00:00,9.190702156816426
2025-03-10 16:00:00+00:00,2025-03-10 16:00:00+00:00,2.8414209440805958
2025-03-10 16:30:00+00:00,2025-03-10 16:30:00+00:00,4.1279849454404
2025-03-10 17:00:00+00:00,2025-03-10 17:00:00+00:00,1.6236335032842055
2025-03-10 17:30:00+00:00,2025-03-10 17:30:00+00:00,0.48590840133321356
2025-03-10 18:00:00+00:00,2025-03-10 18:00:00+00:00,0.0
2025-03-10 18:30:00+00:00,2025-03-10 18:30:00+00:00,0.0
2025-03-10 19:00:00+00:00,2025-03-10 19:00:00+00:00,0.0
2025-03-10 19:30:00+00:00,2025-03-10 19:30:00+00:00,0.0
2025-03-10 20:00:00+00:00,2025-03-10 20:00:00+00:00,0.0
2025-03-10 20:30:00+00:00,2025-03-10 20:30:00+00:00,0.0
2025-03-10 21:00:00+00:00,2025-03-10 21:00:00+00:00,0.0
2025-03-10 21:30:00+00:00,2025-03-10 21:30:00+00:00,0.0
2025-03-10 22:00:00+00:00,2025-03-10 22:00:00+00:00,0.0
2025-03-10 22:30:00+00:00,2025-03-10 22:30:00+00:00,0.0
2025-03-10 23:00:00+00:00,2025-03-10 23:00:00+00:00,0.0
2025-03-10 23:30:00+00:00,2025-03-10 23:30:00+00:00,0.27449871057461794
2025-03-11 00:00:00+00:00,2025-03-11 00:00:00+00:00,0.0
2025-03-11 00:30:00+00:00,2025-03-11 00:30:00+00:00,0.0
2025-03-11 01:00:00+00:00,2025-03-11 01:00:00+00:00,0.0
2025-03-11 01:30:00+00:00,2025-03-11 01:30:00+00:00,0.0
2025-03-11 02:00:00+00:00,2025-03-11 02:00:00+00:00,0.0
2025-03-11 02:30:00+00:00,2025-03-11 02:30:00+00:00,0.0
2025-03-11 03:00:00+00:00,2025-03-11 03:00:00+00:00,0.0
2025-03-11 03:30:00+00:00,2025-03-11 03:30:00+00:00,0.0
2025-03-11 04:00:00+00:00,2025-03-11 04:00:00+00:00,0.0
2025-03-11 04:30:00+00:00,2025-03-11 04:30:00+00:00,0.0
2025-03-11 05:00:00+00:00,2025-03-11 05:00:00+00:00,0.0
2025-03-11 05:30:00+00:00,2025-03-11 05:30:00+00:00,0.0
2025-03-11 06:00:00+00:00,2025-03-11 06:00:00+00:00,0.0
2025-03-11 06:30:00+00:00,2025-03-11 06:30:00+00:00,0.5430517743574972
2025-03-11 07:00:00+00:00,2025-03-11 07:00:00+00:00,0.9350730019130701
2025-03-11 07:30:00+00:00,2025-03-11 07:30:00+00:00,4.3134389384561755
2025-03-11 08:00:00+00:00,2025-03-11 08:00:00+00:00,8.701546840728152
2025-03-11 08:30:00+00:00,2025-03-11 08:30:00+00:00,14.933244616780481
2025-03-11 09:00:00+00:00,2025-03-11 09:00:00+00:00,16.756015233509057
2025-03-11 09:30:00+00:00,2025-03-11 09:30:00+00:00,10.638695440926536
2025-03-11 10:00:00+00:00,2025-03-11 10:00:00+00:00,14.208487085818087
2025-03-11 10:30:00+00:00,2025-03-11 10:30:00+00:00,18.895651869896028
2025-03-11 11:00:00+00:00,2025-03-11 11:00:00+00:00,31.810137375978453
2025-03-11 11:30:00+00:00,2025-03-11 11:30:00+00:00,39.228462704108324
2025-03-11 12:00:00+00:00,2025-03-11 12:00:00+00:00,55.79579746746322
2025-03-11 12:30:00+00:00,2025-03-11 12:30:00+00:00,46.76821127572305
2025-03-11 13:00:00+00:00,2025-03-11 13:00:00+00:00,23.004389195573026
2025-03-11 13:30:00+00:00,2025-03-11 13:30:00+00:00,31.947908342076516
2025-03-11 14:00:00+00:00,2025-03-11 14:00:00+00:00,35.91769274296712
2025-03-11 14:30:00+00:00,2025-03-11 14:30:00+00:00,37.902965092866445
2025-03-11 15:00:00+00:00,2025-03-11 15:00:00+00:00,25.4417681254273
2025-03-11 15:30:00+00:00,2025-03-11 15:30:00+00:00,17.26152623344228
2025-03-11 16:00:00+00:00,2025-03-11 16:00:00+00:00,12.328623418050023
2025-03-11 16:30:00+00:00,2025-03-11 16:30:00+00:00,4.976877532170948
2025-03-11 17:00:00+00:00,2025-03-11 17:00:00+00:00,2.007042528588079
2025-03-11 17:30:00+00:00,2025-03-11 17:30:00+00:00,0.892540686751846
2025-03-11 18:00:00+00:00,2025-03-11 18:00:00+00:00,0.21850791529379876
2025-03-11 18:30:00+00:00,2025-03-11 18:30:00+00:00,0.0
2025-03-11 19:00:00+00:00,2025-03-11 19:00:00+00:00,0.0
2025-03-11 19:30:00+00:00,2025-03-11 19:30:00+00:00,0.0
2025-03-11 20:00:00+00:00,2025-03-11 20:00:00+00:00,0.0
2025-03-11 20:30:00+00:00,2025-03-11 20:30:00+00:00,0.0
2025-03-11 21:00:00+00:00,2025-03-11 21:00:00+00:00,0.0
2025-03-11 21:30:00+00:00,2025-03-11 21:30:00+00:00,0.0
2025-03-11 22:00:00+00:00,2025-03-11 22:00:00+00:00,0.0
2025-03-11 22:30:00+00:00,2025-03-11 22:30:00+00:00,0.0
2025-03-11 23:00:00+00:00,2025-03-11 23:00:00+00:00,0.0
2025-03-11 23:30:00+00:00,2025-03-11 23:30:00+00:00,0.0
2025-03-12 00:00:00+00:00,2025-03-12 00:00:00+00:00,0.0
2025-03-12 00:30:00+00:00,2025-03-12 00:30:00+00:00,0.0
2025-03-12 01:00:00+00:00,2025-03-12 01:00:00+00:00,0.0
2025-03-12 01:30:00+00:00,2025-03-12 01:30:00+00:00,0.0
2025-03-12 02:00:00+00:00,2025-03-12 02:00:00+00:00,0.0
2025-03-12 02:30:00+00:00,2025-03-12 02:30:00+00:00,0.0
2025-03-12 03:00:00+00:00,2025-03-12 03:00:00+00:00,0.0
2025-03-12 03:30:00+00:00,2025-03-12 03:30:00+00:00,0.0
2025-03-12 04:00:00+00:00,2025-03-12 04:00:00+00:00,0.0
2025-03-12 04:30:00+00:00,2025-03-12 04:30:00+00:00,0.0
2025-03-12 05:00:00+00:00,2025-03-12 05:00:00+00:00,0.0
2025-03-12 05:30:00+00:00,2025-03-12 05:30:00+00:00,0.0
2025-03-12 06:00:00+00:00,2025-03-12 06:00:00+00:00,0.0
2025-03-12 06:30:00+00:00,2025-03-12 06:30:00+00:00,0.4333493875784573
2025-03-12 07:00:00+00:00,2025-03-12 07:00:00+00:00,2.133146610181181
2025-03-12 07:30:00+00:00,2025-03-12 07:30:00+00:00,5.641141142820171
2025-03-12 08:00:00+00:00,2025-03-12 08:00:00+00:00,10.983795067459141
2025-03-12 08:30:00+00:00,2025-03-12 08:30:00+00:00,17.178045111642405
2025-03-12 09:00:00+00:00,2025-03-12 09:00:00+00:00,38.65613976423663
2025-03-12 09:30:00+00:00,2025-03-12 09:30:00+00:00,31.36298242692237
2025-03-12 10:00:00+00:00,2025-03-12 10:00:00+00:00,39.20749595190614
2025-03-12 10:30:00+00:00,2025-03-12 10:30:00+00:00,42.695874747104995
2025-03-12 11:00:00+00:00,2025-03-12 11:00:00+00:00,39.31441175481348
2025-03-12 11:30:00+00:00,2025-03-12 11:30:00+00:00,50.65768057056471
2025-03-12 12:00:00+00:00,2025-03-12 12:00:00+00:00,35.764020440507466
2025-03-12 12:30:00+00:00,2025-03-12 12:30:00+00:00,33.8100770746895
2025-03-12 13:00:00+00:00,2025-03-12 13:00:00+00:00,31.919067067621196
2025-03-12 13:30:00+00:00,2025-03-12 13:30:00+00:00,27.3229408378155
2025-03-12 14:00:00+00:00,2025-03-12 14:00:00+00:00,49.2183647638127
2025-03-12 14:30:00+00:00,2025-03-12 14:30:00+00:00,43.42279835600414
2025-03-12 15:00:00+00:00,2025-03-12 15:00:00+00:00,31.01670773143473
2025-03-12 15:30:00+00:00,2025-03-12 15:30:00+00:00,21.798573548145892
2025-03-12 16:00:00+00:00,2025-03-12 16:00:00+00:00,15.072691076056039
2025-03-12 16:30:00+00:00,2025-03-12 16:30:00+00:00,6.967545681139084
2025-03-12 17:00:00+00:00,2025-03-12 17:00:00+00:00,4.63358168471245
2025-03-12 17:30:00+00:00,2025-03-12 17:30:00+00:00,1.2906247248005613
2025-03-12 18:00:00+00:00,2025-03-12 18:00:00+00:00,0.17808266635410042
2025-03-12 18:30:00+00:00,2025-03-12 18:30:00+00:00,0.0
2025-03-12 19:00:00+00:00,2025-03-12 19:00:00+00:00,0.0
2025-03-12 19:30:00+00:00,2025-03-12 19:30:00+00:00,0.0
2025-03-12 20:00:00+00:00,2025-03-12 20:00:00+00:00,0.0
2025-03-12 20:30:00+00:00,2025-03-12 20:30:00+00:00,0.0
2025-03-12 21:00:00+00:00,2025-03-12 21:00:00+00:00,0.0
2025-03-12 21:30:00+00:00,2025-03-12 21:30:00+00:00,0.0
2025-03-12 22:00:00+00:00,2025-03-12 22:00:00+00:00,0.0
2025-03-12 22:30:00+00:00,2025-03-12 22:30:00+00:00,0.0
2025-03-12 23:00:00+00:00,2025-03-12 23:00:00+00:00,0.0
2025-03-12 23:30:00+00:00,2025-03-12 23:30:00+00:00,0.0
2025-03-13 00:00:00+00:00,2025-03-13 00:00:00+00:00,0.0
2025-03-13 00:30:00+00:00,2025-03-13 00:30:00+00:00,0.0
2025-03-13 01:00:00+00:00,2025-03-13 01:00:00+00:00,0.0
2025-03-13 01:30:00+00:00,2025-03-13 01:30:00+00:00,0.0
2025-03-13 02:00:00+00:00,2025-03-13 02:00:00+00:00,0.0
2025-03-13 02:30:00+00:00,2025-03-13 02:30:00+00:00,0.0
2025-03-13 03:00:00+00:00,2025-03-13 03:00:00+00:00,0.0
2025-03-13 03:30:00+00:00,2025-03-13 03:30:00+00:00,0.0
2025-03-13 04:00:00+00:00,2025-03-13 04:00:00+00:00,0.0
2025-03-13 04:30:00+00:00,2025-03-13 04:30:00+00:00,0.0
2025-03-13 05:00:00+00:00,2025-03-13 05:00:00+00:00,0.0
2025-03-13 05:30:00+00:00,2025-03-13 05:30:00+00:00,0.0
2025-03-13 06:00:00+00:00,2025-03-13 06:00:00+00:00,0.0
2025-03-13 06:30:00+00:00,2025-03-13 06:30:00+00:00,0.44325006245192844
2025-03-13 07:00:00+00:00,2025-03-13 07:00:00+00:00,5.194147760873002
2025-03-13 07:30:00+00:00,2025-03-13 07:30:00+00:00,23.47334703596175
2025-03-13 08:00:00+00:00,2025-03-13 08:00:00+00:00,35.32264842166023
2025-03-13 08:30:00+00:00,2025-03-13 08:30:00+00:00,44.25086160899365
2025-03-13 09:00:00+00:00,2025-03-13 09:00:00+00:00,45.669383334318695
2025-03-13 09:30:00+00:00,2025-03-13 09:30:00+00:00,47.12349298855452
2025-03-13 10:00:00+00:00,2025-03-13 10:00:00+00:00,52.33971590107967
2025-03-13 10:30:00+00:00,2025-03-13 10:30:00+00:00,51.247248443312735
2025-03-13 11:00:00+00:00,2025-03-13 11:00:00+00:00,46.91220133626075
2025-03-13 11:30:00+00:00,2025-03-13 11:30:00+00:00,22.12068153829136
2025-03-13 12:00:00+00:00,2025-03-13 12:00:00+00:00,16.947546749010257
2025-03-13 12:30:00+00:00,2025-03-13 12:30:00+00:00,12.622686708373633
2025-03-13 13:00:00+00:00,2025-03-13 13:00:00+00:00,10.150898001273273
2025-03-13 13:30:00+00:00,2025-03-13 13:30:00+00:00,15.71156898119159
2025-03-13 14:00:00+00:00,2025-03-13 14:00:00+00:00,11.779324563960353
2025-03-13 14:30:00+00:00,2025-03-13 14:30:00+00:00,12.459930799700256
2025-03-13 15:00:00+00:00,2025-03-13 15:00:00+00:00,31.295231584956017
2025-03-13 15:30:00+00:00,2025-03-13 15:30:00+00:00,7.317280206456336
2025-03-13 16:00:00+00:00,2025-03-13 16:00:00+00:00,2.5736092536938395
2025-03-13 16:30:00+00:00,2025-03-13 16:30:00+00:00,6.296841210601651
2025-03-13 17:00:00+00:00,2025-03-13 17:00:00+00:00,1.1229731162379721
2025-03-13 17:30:00+00:00,2025-03-13 17:30:00+00:00,0.968593102968687
2025-03-13 18:00:00+00:00,2025-03-13 18:00:00+00:00,0.8520447091459953
2025-03-13 18:30:00+00:00,2025-03-13 18:30:00+00:00,0.0
2025-03-13 19:00:00+00:00,2025-03-13 19:00:00+00:00,0.0
2025-03-13 19:30:00+00:00,2025-03-13 19:30:00+00:00,0.0
2025-03-13 20:00:00+00:00,2025-03-13 20:00:00+00:00,0.0
2025-03-13 20:30:00+00:00,2025-03-13 20:30:00+00:00,0.0
2025-03-13 21:00:00+00:00,2025-03-13 21:00:00+00:00,0.0
2025-03-13 21:30:00+00:00,2025-03-13 21:30:00+00:00,0.0
2025-03-13 22:00:00+00:00,2025-03-13 22:00:00+00:00,0.0
2025-03-13 22:30:00+00:00,2025-03-13 22:30:00+00:00,0.0
2025-03-13 23:00:00+00:00,2025-03-13 23:00:00+00:00,0.0
2025-03-13 23:30:00+00:00,2025-03-13 23:30:00+00:00,0.0
2025-03-14 00:00:00+00:00,2025-03-14 00:00:00+00:00,0.0
2025-03-14 00:30:00+00:00,2025-03-14 00:30:00+00:00,0.0
2025-03-14 01:00:00+00:00,2025-03-14 01:00:00+00:00,0.0
2025-03-14 01:30:00+00:00,2025-03-14 01:30:00+00:00,0.0
2025-03-14 02:00:00+00:00,2025-03-14 02:00:00+00:00,0.0
2025-03-14 02:30:00+00:00,2025-03-14 02:30:00+00:00,0.0
2025-03-14 03:00:00+00:00,2025-03-14 03:00:00+00:00,0.0
2025-03-14 03:30:00+00:00,2025-03-14 03:30:00+00:00,0.0
2025-03-14 04:00:00+00:00,2025-03-14 04:00:00+00:00,0.0
2025-03-14 04:30:00+00:00,2025-03-14 04:30:00+00:00,0.0
2025-03-14 05:00:00+00:00,2025-03-14 05:00:00+00:00,0.0
2025-03-14 05:30:00+00:00,2025-03-14 05:30:00+00:00,0.0
2025-03-14 06:00:00+00:00,2025-03-14 06:00:00+00:00,0.0
2025-03-14 06:30:00+00:00,2025-03-14 06:30:00+00:00,1.5006693730919847
2025-03-14 07:00:00+00:00,2025-03-14 07:00:00+00:00,11.97253534974311
2025-03-14 07:30:00+00:00,2025-03-14 07:30:00+00:00,17.590427578345157
2025-03-14 08:00:00+00:00,2025-03-14 08:00:00+00:00,11.290030136931478
2025-03-14 08:30:00+00:00,2025-03-14 08:30:00+00:00,13.397140729912167
2025-03-14 09:00:00+00:00,2025-03-14 09:00:00+00:00,16.72354965773809
2025-03-14 09:30:00+00:00,2025-03-14 09:30:00+00:00,33.03648885711527
2025-03-14 10:00:00+00:00,2025-03-14 10:00:00+00:00,40.785025516832775
2025-03-14 10:30:00+00:00,2025-03-14 10:30:00+00:00,65.93296505068122
2025-03-14 11:00:00+00:00,2025-03-14 11:00:00+00:00,66.80464441266383
2025-03-14 11:30:00+00:00,2025-03-14 11:30:00+00:00,40.05532752825252
2025-03-14 12:00:00+00:00,2025-03-14 12:00:00+00:00,9.08917087004681
2025-03-14 12:30:00+00:00,2025-03-14 12:30:00+00:00,10.211956664024111
2025-03-14 13:00:00+00:00,2025-03-14 13:00:00+00:00,10.012833716861678
2025-03-14 13:30:00+00:00,2025-03-14 13:30:00+00:00,23.586706085897845
2025-03-14 14:00:00+00:00,2025-03-14 14:00:00+00:00,18.97161109727017
2025-03-14 14:30:00+00:00,2025-03-14 14:30:00+00:00,3.9740240951560954
2025-03-14 15:00:00+00:00,2025-03-14 15:00:00+00:00,2.608838808411062
2025-03-14 15:30:00+00:00,2025-03-14 15:30:00+00:00,2.479084801142146
2025-03-14 16:00:00+00:00,2025-03-14 16:00:00+00:00,6.03377199763967
2025-03-14 16:30:00+00:00,2025-03-14 16:30:00+00:00,9.026890774828757
2025-03-14 17:00:00+00:00,2025-03-14 17:00:00+00:00,6.86137276619983
2025-03-14 17:30:00+00:00,2025-03-14 17:30:00+00:00,1.6553295811644755
2025-03-14 18:00:00+00:00,2025-03-14 18:00:00+00:00,0.9463500230532418
2025-03-14 18:30:00+00:00,2025-03-14 18:30:00+00:00,0.0
2025-03-14 19:00:00+00:00,2025-03-14 19:00:00+00:00,0.0
2025-03-14 19:30:00+00:00,2025-03-14 19:30:00+00:00,0.0
2025-03-14 20:00:00+00:00,2025-03-14 20:00:00+00:00,0.0
2025-03-14 20:30:00+00:00,2025-03-14 20:30:00+00:00,0.0
2025-03-14 21:00:00+00:00,2025-03-14 21:00:00+00:00,0.0
2025-03-14 21:30:00+00:00,2025-03-14 21:30:00+00:00,0.0
2025-03-14 22:00:00+00:00,2025-03-14 22:00:00+00:00,0.0
2025-03-14 22:30:00+00:00,2025-03-14 22:30:00+00:00,0.0
2025-03-14 23:00:00+00:00,2025-03-14 23:00:00+00:00,0.0
2025-03-14 23:30:00+00:00,2025-03-14 23:30:00+00:00,0.0
2025-03-15 00:00:00+00:00,2025-03-15 00:00:00+00:00,0.0
2025-03-15 00:30:00+00:00,2025-03-15 00:30:00+00:00,0.0
2025-03-15 01:00:00+00:00,2025-03-15 01:00:00+00:00,0.0
2025-03-15 01:30:00+00:00,2025-03-15 01:30:00+00:00,0.0
2025-03-15 02:00:00+00:00,2025-03-15 02:00:00+00:00,0.0
2025-03-15 02:30:00+00:00,2025-03-15 02:30:00+00:00,0.0
2025-03-15 03:00:00+00:00,2025-03-15 03:00:00+00:00,0.0
2025-03-15 03:30:00+00:00,2025-03-15 03:30:00+00:00,0.0
2025-03-15 04:00:00+00:00,2025-03-15 04:00:00+00:00,0.0
2025-03-15 04:30:00+00:00,2025-03-15 04:30:00+00:00,0.0
2025-03-15 05:00:00+00:00,2025-03-15 05:00:00+00:00,0.0
2025-03-15 05:30:00+00:00,2025-03-15 05:30:00+00:00,0.0
2025-03-15 06:00:00+00:00,2025-03-15 06:00:00+00:00,0.0
2025-03-15 06:30:00+00:00,2025-03-15 06:30:00+00:00,2.51979339212323
2025-03-15 07:00:00+00:00,2025-03-15 07:00:00+00:00,11.59078899248766
2025-03-15 07:30:00+00:00,2025-03-15 07:30:00+00:00,23.33327512155654
2025-03-15 08:00:00+00:00,2025-03-15 08:00:00+00:00,36.29314264953666
2025-03-15 08:30:00+00:00,2025-03-15 08:30:00+00:00,36.80669878763876
2025-03-15 09:00:00+00:00,2025-03-15 09:00:00+00:00,29.824258157981262
2025-03-15 09:30:00+00:00,2025-03-15 09:30:00+00:00,60.234029518435015
2025-03-15 10:00:00+00:00,2025-03-15 10:00:00+00:00,36.313621270517274
2025-03-15 10:30:00+00:00,2025-03-15 10:30:00+00:00,31.17151779949813
2025-03-15 11:00:00+00:00,2025-03-15 11:00:00+00:00,46.517454126846815
2025-03-15 11:30:00+00:00,2025-03-15 11:30:00+00:00,29.816616985747146
2025-03-15 12:00:00+00:00,2025-03-15 12:00:00+00:00,46.31334928270372
2025-03-15 12:30:00+00:00,2025-03-15 12:30:00+00:00,37.49144240410271
2025-03-15 13:00:00+00:00,2025-03-15 13:00:00+00:00,27.67322365122743
2025-03-15 13:30:00+00:00,2025-03-15 13:30:00+00:00,53.87449474854816
2025-03-15 14:00:00+00:00,2025-03-15 14:00:00+00:00,49.03683267394672
2025-03-15 14:30:00+00:00,2025-03-15 14:30:00+00:00,52.45005942581599
2025-03-15 15:00:00+00:00,2025-03-15 15:00:00+00:00,43.09235859913133
2025-03-15 15:30:00+00:00,2025-03-15 15:30:00+00:00,37.872509415636614
2025-03-15 16:00:00+00:00,2025-03-15 16:00:00+00:00,22.6925135048657
2025-03-15 16:30:00+00:00,2025-03-15 16:30:00+00:00,20.614879641826747
2025-03-15 17:00:00+00:00,2025-03-15 17:00:00+00:00,10.343723117851818
2025-03-15 17:30:00+00:00,2025-03-15 17:30:00+00:00,3.1892083383526133
2025-03-15 18:00:00+00:00,2025-03-15 18:00:00+00:00,0.6742982127656578
2025-03-15 18:30:00+00:00,2025-03-15 18:30:00+00:00,0.0
2025-03-15 19:00:00+00:00,2025-03-15 19:00:00+00:00,0.0
2025-03-15 19:30:00+00:00,2025-03-15 19:30:00+00:00,0.0
2025-03-15 20:00:00+00:00,2025-03-15 20:00:00+00:00,0.0
2025-03-15 20:30:00+00:00,2025-03-15 20:30:00+00:00,0.0
2025-03-15 21:00:00+00:00,2025-03-15 21:00:00+00:00,0.0
2025-03-15 21:30:00+00:00,2025-03-15 21:30:00+00:00,0.0
2025-03-15 22:00:00+00:00,2025-03-15 22:00:00+00:00,0.0
2025-03-15 22:30:00+00:00,2025-03-15 22:30:00+00:00,0.0
2025-03-15 23:00:00+00:00,2025-03-15 23:00:00+00:00,0.0
2025-03-15 23:30:00+00:00,2025-03-15 23:30:00+00:00,0.0
2025-03-16 00:00:00+00:00,2025-03-16 00:00:00+00:00,0.0
2025-03-16 00:30:00+00:00,2025-03-16 00:30:00+00:00,0.0
2025-03-16 01:00:00+00:00,2025-03-16 01:00:00+00:00,0.0
2025-03-16 01:30:00+00:00,2025-03-16 01:30:00+00:00,0.0
2025-03-16 02:00:00+00:00,2025-03-16 02:00:00+00:00,0.0
2025-03-16 02:30:00+00:00,2025-03-16 02:30:00+00:00,0.0
2025-03-16 03:00:00+00:00,2025-03-16 03:00:00+00:00,0.0
2025-03-16 03:30:00+00:00,2025-03-16 03:30:00+00:00,0.0
2025-03-16 04:00:00+00:00,2025-03-16 04:00:00+00:00,0.0
2025-03-16 04:30:00+00:00,2025-03-16 04:30:00+00:00,0.0
2025-03-16 05:00:00+00:00,2025-03-16 05:00:00+00:00,0.0
2025-03-16 05:30:00+00:00,2025-03-16 05:30:00+00:00,0.0
2025-03-16 06:00:00+00:00,2025-03-16 06:00:00+00:00,0.0
2025-03-16 06:30:00+00:00,2025-03-16 06:30:00+00:00,2.2589273113685513
2025-03-16 07:00:00+00:00,2025-03-16 07:00:00+00:00,12.101744113539553
2025-03-16 07:30:00+00:00,2025-03-16 07:30:00+00:00,24.383399148378768
2025-03-16 08:00:00+00:00,2025-03-16 08:00:00+00:00,36.44790589686704
2025-03-16 08:30:00+00:00,2025-03-16 08:30:00+00:00,46.62639412181841
2025-03-16 09:00:00+00:00,2025-03-16 09:00:00+00:00,54.05578265535586
2025-03-16 09:30:00+00:00,2025-03-16 09:30:00+00:00,58.93643047680428
2025-03-16 10:00:00+00:00,2025-03-16 10:00:00+00:00,62.529610774979
2025-03-16 10:30:00+00:00,2025-03-16 10:30:00+00:00,65.48871023907259
2025-03-16 11:00:00+00:00,2025-03-16 11:00:00+00:00,64.61579116885082
2025-03-16 11:30:00+00:00,2025-03-16 11:30:00+00:00,66.29345875456158
2025-03-16 12:00:00+00:00,2025-03-16 12:00:00+00:00,67.35748378345863
2025-03-16 12:30:00+00:00,2025-03-16 12:30:00+00:00,66.98396435278312
2025-03-16 13:00:00+00:00,2025-03-16 13:00:00+00:00,65.9223661200848
2025-03-16 13:30:00+00:00,2025-03-16 13:30:00+00:00,64.881093072299
2025-03-16 14:00:00+00:00,2025-03-16 14:00:00+00:00,60.464199102526436
2025-03-16 14:30:00+00:00,2025-03-16 14:30:00+00:00,58.638968430375826
2025-03-16 15:00:00+00:00,2025-03-16 15:00:00+00:00,48.80739461068174
2025-03-16 15:30:00+00:00,2025-03-16 15:30:00+00:00,36.26009038124971
2025-03-16 16:00:00+00:00,2025-03-16 16:00:00+00:00,29.275040229503354
2025-03-16 16:30:00+00:00,2025-03-16 16:30:00+00:00,22.345431865862906
2025-03-16 17:00:00+00:00,2025-03-16 17:00:00+00:00,10.850205832567779
2025-03-16 17:30:00+00:00,2025-03-16 17:30:00+00:00,2.755963317670571
2025-03-16 18:00:00+00:00,2025-03-16 18:00:00+00:00,1.4479127420323903
2025-03-16 18:30:00+00:00,2025-03-16 18:30:00+00:00,0.0
2025-03-16 19:00:00+00:00,2025-03-16 19:00:00+00:00,0.0
2025-03-16 19:30:00+00:00,2025-03-16 19:30:00+00:00,0.0
2025-03-16 20:00:00+00:00,2025-03-16 20:00:00+00:00,0.0
2025-03-16 20:30:00+00:00,2025-03-16 20:30:00+00:00,0.0
2025-03-16 21:00:00+00:00,2025-03-16 21:00:00+00:00,0.0
2025-03-16 21:30:00+00:00,2025-03-16 21:30:00+00:00,0.0
2025-03-16 22:00:00+00:00,2025-03-16 22:00:00+00:00,0.0
2025-03-16 22:30:00+00:00,2025-03-16 22:30:00+00:00,0.0
2025-03-16 23:00:00+00:00,2025-03-16 23:00:00+00:00,0.0
2025-03-16 23:30:00+00:00,2025-03-16 23:30:00+00:00,0.0
2025-03-17 00:00:00+00:00,2025-03-17 00:00:00+00:00,0.0
2025-03-17 00:30:00+00:00,2025-03-17 00:30:00+00:00,0.0
2025-03-17 01:00:00+00:00,2025-03-17 01:00:00+00:00,0.0
2025-03-17 01:30:00+00:00,2025-03-17 01:30:00+00:00,0.0
2025-03-17 02:00:00+00:00,2025-03-17 02:00:00+00:00,0.0
2025-03-17 02:30:00+00:00,2025-03-17 02:30:00+00:00,0.0
2025-03-17 03:00:00+00:00,2025-03-17 03:00:00+00:00,0.0
2025-03-17 03:30:00+00:00,2025-03-17 03:30:00+00:00,0.0
2025-03-17 04:00:00+00:00,2025-03-17 04:00:00+00:00,0.0
2025-03-17 04:30:00+00:00,2025-03-17 04:30:00+00:00,0.0
2025-03-17 05:00:00+00:00,2025-03-17 05:00:00+00:00,0.0
2025-03-17 05:30:00+00:00,2025-03-17 05:30:00+00:00,0.0
2025-03-17 06:00:00+00:00,2025-03-17 06:00:00+00:00,0.0
2025-03-17 06:30:00+00:00,2025-03-17 06:30:00+00:00,0.1287530091507847
2025-03-17 07:00:00+00:00,2025-03-17 07:00:00+00:00,0.6034847835559278
2025-03-17 07:30:00+00:00,2025-03-17 07:30:00+00:00,1.419077998077152
2025-03-17 08:00:00+00:00,2025-03-17 08:00:00+00:00,3.678111892878822
2025-03-17 08:30:00+00:00,2025-03-17 08:30:00+00:00,7.546822427655343
2025-03-17 09:00:00+00:00,2025-03-17 09:00:00+00:00,13.1847294613957
2025-03-17 09:30:00+00:00,2025-03-17 09:30:00+00:00,19.291351108490517
2025-03-17 10:00:00+00:00,2025-03-17 10:00:00+00:00,29.807879952477258
2025-03-17 10:30:00+00:00,2025-03-17 10:30:00+00:00,19.330301626048136
2025-03-17 11:00:00+00:00,2025-03-17 11:00:00+00:00,24.275051471544995
2025-03-17 11:30:00+00:00,2025-03-17 11:30:00+00:00,11.918773539536229
2025-03-17 12:00:00+00:00,2025-03-17 12:00:00+00:00,10.093344624625615
2025-03-17 12:30:00+00:00,2025-03-17 12:30:00+00:00,6.417719086022997
2025-03-17 13:00:00+00:00,2025-03-17 13:00:00+00:00,6.900583441038519
2025-03-17 13:30:00+00:00,2025-03-17 13:30:00+00:00,7.904763648176412
2025-03-17 14:00:00+00:00,2025-03-17 14:00:00+00:00,6.994736561803845
2025-03-17 14:30:00+00:00,2025-03-17 14:30:00+00:00,6.935641268598485
2025-03-17 15:00:00+00:00,2025-03-17 15:00:00+00:00,7.773313308213117
2025-03-17 15:30:00+00:00,2025-03-17 15:30:00+00:00,9.600194168147027
2025-03-17 16:00:00+00:00,2025-03-17 16:00:00+00:00,8.007681501177442
2025-03-17 16:30:00+00:00,2025-03-17 16:30:00+00:00,4.515585132652102
2025-03-17 17:00:00+00:00,2025-03-17 17:00:00+00:00,1.9239292972564117
2025-03-17 17:30:00+00:00,2025-03-17 17:30:00+00:00,0.6629915094911776
2025-03-17 18:00:00+00:00,2025-03-17 18:00:00+00:00,0.2829360922625028
2025-03-17 18:30:00+00:00,2025-03-17 18:30:00+00:00,0.0
2025-03-17 19:00:00+00:00,2025-03-17 19:00:00+00:00,0.0
2025-03-17 19:30:00+00:00,2025-03-17 19:30:00+00:00,0.0
2025-03-17 20:00:00+00:00,2025-03-17 20:00:00+00:00,0.0
2025-03-17 20:30:00+00:00,2025-03-17 20:30:00+00:00,0.0
2025-03-17 21:00:00+00:00,2025-03-17 21:00:00+00:00,0.0
2025-03-17 21:30:00+00:00,2025-03-17 21:30:00+00:00,0.0
2025-03-17 22:00:00+00:00,2025-03-17 22:00:00+00:00,0.0
2025-03-17 22:30:00+00:00,2025-03-17 22:30:00+00:00,0.0
2025-03-17 23:00:00+00:00,2025-03-17 23:00:00+00:00,0.0
2025-03-17 23:30:00+00:00,2025-03-17 23:30:00+00:00,0.0
2025-03-18 00:00:00+00:00,2025-03-18 00:00:00+00:00,0.0
2025-03-18 00:30:00+00:00,2025-03-18 00:30:00+00:00,0.0
2025-03-18 01:00:00+00:00,2025-03-18 01:00:00+00:00,0.0
2025-03-18 01:30:00+00:00,2025-03-18 01:30:00+00:00,0.0
2025-03-18 02:00:00+00:00,2025-03-18 02:00:00+00:00,0.0
2025-03-18 02:30:00+00:00,2025-03-18 02:30:00+00:00,0.0
2025-03-18 03:00:00+00:00,2025-03-18 03:00:00+00:00,0.0
2025-03-18 03:30:00+00:00,2025-03-18 03:30:00+00:00,0.0
2025-03-18 04:00:00+00:00,2025-03-18 04:00:00+00:00,0.0
2025-03-18 04:30:00+00:00,2025-03-18 04:30:00+00:00,0.0
2025-03-18 05:00:00+00:00,2025-03-18 05:00:00+00:00,0.0
2025-03-18 05:30:00+00:00,2025-03-18 05:30:00+00:00,0.0
2025-03-18 06:00:00+00:00,2025-03-18 06:00:00+00:00,0.7426013338034629
2025-03-18 06:30:00+00:00,2025-03-18 06:30:00+00:00,1.8630181513566795
2025-03-18 07:00:00+00:00,2025-03-18 07:00:00+00:00,9.12867137212038
2025-03-18 07:30:00+00:00,2025-03-18 07:30:00+00:00,19.35700955882828
2025-03-18 08:00:00+00:00,2025-03-18 08:00:00+00:00,32.230585730594385
2025-03-18 08:30:00+00:00,2025-03-18 08:30:00+00:00,44.22012937514421
2025-03-18 09:00:00+00:00,2025-03-18 09:00:00+00:00,53.38712230622889
2025-03-18 09:30:00+00:00,2025-03-18 09:30:00+00:00,59.057699783867854
2025-03-18 10:00:00+00:00,2025-03-18 10:00:00+00:00,63.64606413563467
2025-03-18 10:30:00+00:00,2025-03-18 10:30:00+00:00,65.68363962213812
2025-03-18 11:00:00+00:00,2025-03-18 11:00:00+00:00,66.56126367601303
2025-03-18 11:30:00+00:00,2025-03-18 11:30:00+00:00,67.12764889836546
2025-03-18 12:00:00+00:00,2025-03-18 12:00:00+00:00,67.62993066957415
2025-03-18 12:30:00+00:00,2025-03-18 12:30:00+00:00,67.55253278600787
2025-03-18 13:00:00+00:00,2025-03-18 13:00:00+00:00,67.48733224997727
2025-03-18 13:30:00+00:00,2025-03-18 13:30:00+00:00,66.3170607093906
2025-03-18 14:00:00+00:00,2025-03-18 14:00:00+00:00,63.894897544292576
2025-03-18 14:30:00+00:00,2025-03-18 14:30:00+00:00,59.4610442752861
2025-03-18 15:00:00+00:00,2025-03-18 15:00:00+00:00,52.251582621764776
2025-03-18 15:30:00+00:00,2025-03-18 15:30:00+00:00,43.076448145832046
2025-03-18 16:00:00+00:00,2025-03-18 16:00:00+00:00,31.770026900259037
2025-03-18 16:30:00+00:00,2025-03-18 16:30:00+00:00,20.65595901618155
2025-03-18 17:00:00+00:00,2025-03-18 17:00:00+00:00,9.687276078282707
2025-03-18 17:30:00+00:00,2025-03-18 17:30:00+00:00,3.3269813015284218
2025-03-18 18:00:00+00:00,2025-03-18 18:00:00+00:00,1.182272417987937
2025-03-18 18:30:00+00:00,2025-03-18 18:30:00+00:00,0.0
2025-03-18 19:00:00+00:00,2025-03-18 19:00:00+00:00,0.0
2025-03-18 19:30:00+00:00,2025-03-18 19:30:00+00:00,0.0
2025-03-18 20:00:00+00:00,2025-03-18 20:00:00+00:00,0.0
2025-03-18 20:30:00+00:00,2025-03-18 20:30:00+00:00,0.0
2025-03-18 21:00:00+00:00,2025-03-18 21:00:00+00:00,0.0
2025-03-18 21:30:00+00:00,2025-03-18 21:30:00+00:00,0.0
2025-03-18 22:00:00+00:00,2025-03-18 22:00:00+00:00,0.0
2025-03-18 22:30:00+00:00,2025-03-18 22:30:00+00:00,0.0
2025-03-18 23:00:00+00:00,2025-03-18 23:00:00+00:00,0.0
2025-03-18 23:30:00+00:00,2025-03-18 23:30:00+00:00,0.0
2025-03-19 00:00:00+00:00,2025-03-19 00:00:00+00:00,0.0
2025-03-19 00:30:00+00:00,2025-03-19 00:30:00+00:00,0.0
2025-03-19 01:00:00+00:00,2025-03-19 01:00:00+00:00,0.0
2025-03-19 01:30:00+00:00,2025-03-19 01:30:00+00:00,0.0
2025-03-19 02:00:00+00:00,2025-03-19 02:00:00+00:00,0.0
2025-03-19 02:30:00+00:00,2025-03-19 02:30:00+00:00,0.0
2025-03-19 03:00:00+00:00,2025-03-19 03:00:00+00:00,0.0
2025-03-19 03:30:00+00:00,2025-03-19 03:30:00+00:00,0.0
2025-03-19 04:00:00+00:00,2025-03-19 04:00:00+00:00,0.0
2025-03-19 04:30:00+00:00,2025-03-19 04:30:00+00:00,0.0
2025-03-19 05:00:00+00:00,2025-03-19 05:00:00+00:00,0.0
2025-03-19 05:30:00+00:00,2025-03-19 05:30:00+00:00,0.0
2025-03-19 06:00:00+00:00,2025-03-19 06:00:00+00:00,0.5274734649581196
2025-03-19 06:30:00+00:00,2025-03-19 06:30:00+00:00,3.141518990026494
2025-03-19 07:00:00+00:00,2025-03-19 07:00:00+00:00,9.966443043995465
2025-03-19 07:30:00+00:00,2025-03-19 07:30:00+00:00,22.076420768896014
2025-03-19 08:00:00+00:00,2025-03-19 08:00:00+00:00,35.84588237460264
2025-03-19 08:30:00+00:00,2025-03-19 08:30:00+00:00,14.711052001328767
2025-03-19 09:00:00+00:00,2025-03-19 09:00:00+00:00,12.88606536996258
2025-03-19 09:30:00+00:00,2025-03-19 09:30:00+00:00,16.68291944864347
2025-03-19 10:00:00+00:00,2025-03-19 10:00:00+00:00,33.39858624475687
2025-03-19 10:30:00+00:00,2025-03-19 10:30:00+00:00,38.53544138015002
2025-03-19 11:00:00+00:00,2025-03-19 11:00:00+00:00,29.35192764939665
2025-03-19 11:30:00+00:00,2025-03-19 11:30:00+00:00,37.58244373267553
2025-03-19 12:00:00+00:00,2025-03-19 12:00:00+00:00,49.70135795484839
2025-03-19 12:30:00+00:00,2025-03-19 12:30:00+00:00,33.86932391582798
2025-03-19 13:00:00+00:00,2025-03-19 13:00:00+00:00,40.773807731861325
2025-03-19 13:30:00+00:00,2025-03-19 13:30:00+00:00,33.21485850336239
2025-03-19 14:00:00+00:00,2025-03-19 14:00:00+00:00,36.0923525749256
2025-03-19 14:30:00+00:00,2025-03-19 14:30:00+00:00,46.5276635154106
2025-03-19 15:00:00+00:00,2025-03-19 15:00:00+00:00,21.92130362976218
2025-03-19 15:30:00+00:00,2025-03-19 15:30:00+00:00,18.740628117568573
2025-03-19 16:00:00+00:00,2025-03-19 16:00:00+00:00,9.602878939065814
2025-03-19 16:30:00+00:00,2025-03-19 16:30:00+00:00,5.515938521366459
2025-03-19 17:00:00+00:00,2025-03-19 17:00:00+00:00,1.5976615078263872
2025-03-19 17:30:00+00:00,2025-03-19 17:30:00+00:00,1.2771219949158876
2025-03-19 18:00:00+00:00,2025-03-19 18:00:00+00:00,0.5570340081736915
2025-03-19 18:30:00+00:00,2025-03-19 18:30:00+00:00,0.0
2025-03-19 19:00:00+00:00,2025-03-19 19:00:00+00:00,0.0
2025-03-19 19:30:00+00:00,2025-03-19 19:30:00+00:00,0.0
2025-03-19 20:00:00+00:00,2025-03-19 20:00:00+00:00,0.0
2025-03-19 20:30:00+00:00,2025-03-19 20:30:00+00:00,0.0
2025-03-19 21:00:00+00:00,2025-03-19 21:00:00+00:00,0.0
2025-03-19 21:30:00+00:00,2025-03-19 21:30:00+00:00,0.0
2025-03-19 22:00:00+00:00,2025-03-19 22:00:00+00:00,0.0
2025-03-19 22:30:00+00:00,2025-03-19 22:30:00+00:00,0.0
2025-03-19 23:00:00+00:00,2025-03-19 23:00:00+00:00,0.0
2025-03-19 23:30:00+00:00,2025-03-19 23:30:00+00:00,0.0
2025-03-20 00:00:00+00:00,2025-03-20 00:00:00+00:00,0.0
2025-03-20 00:30:00+00:00,2025-03-20 00:30:00+00:00,0.0
2025-03-20 01:00:00+00:00,2025-03-20 01:00:00+00:00,0.0
2025-03-20 01:30:00+00:00,2025-03-20 01:30:00+00:00,0.0
2025-03-20 02:00:00+00:00,2025-03-20 02:00:00+00:00,0.0
2025-03-20 02:30:00+00:00,2025-03-20 02:30:00+00:00,0.0
2025-03-20 03:00:00+00:00,2025-03-20 03:00:00+00:00,0.0
2025-03-20 03:30:00+00:00,2025-03-20 03:30:00+00:00,0.0
2025-03-20 04:00:00+00:00,2025-03-20 04:00:00+00:00,0.0
2025-03-20 04:30:00+00:00,2025-03-20 04:30:00+00:00,0.0
2025-03-20 05:00:00+00:00,2025-03-20 05:00:00+00:00,0.0
2025-03-20 05:30:00+00:00,2025-03-20 05:30:00+00:00,0.0
2025-03-20 06:00:00+00:00,2025-03-20 06:00:00+00:00,0.3541087336545079
2025-03-20 06:30:00+00:00,2025-03-20 06:30:00+00:00,3.633137077306967
2025-03-20 07:00:00+00:00,2025-03-20 07:00:00+00:00,12.3705802889973
2025-03-20 07:30:00+00:00,2025-03-20 07:30:00+00:00,23.649278661908163
2025-03-20 08:00:00+00:00,2025-03-20 08:00:00+00:00,34.20429166785652
2025-03-20 08:30:00+00:00,2025-03-20 08:30:00+00:00,43.42782202829471
2025-03-20 09:00:00+00:00,2025-03-20 09:00:00+00:00,49.857523426987996
2025-03-20 09:30:00+00:00,2025-03-20 09:30:00+00:00,57.01486145810179
2025-03-20 10:00:00+00:00,2025-03-20 10:00:00+00:00,60.850059548967465
2025-03-20 10:30:00+00:00,2025-03-20 10:30:00+00:00,63.429457246743254
2025-03-20 11:00:00+00:00,2025-03-20 11:00:00+00:00,65.84257161921914
2025-03-20 11:30:00+00:00,2025-03-20 11:30:00+00:00,66.92240242308844
2025-03-20 12:00:00+00:00,2025-03-20 12:00:00+00:00,66.29931573685258
2025-03-20 12:30:00+00:00,2025-03-20 12:30:00+00:00,66.90281569566378
2025-03-20 13:00:00+00:00,2025-03-20 13:00:00+00:00,66.51011363364466
2025-03-20 13:30:00+00:00,2025-03-20 13:30:00+00:00,65.15127927728975
2025-03-20 14:00:00+00:00,2025-03-20 14:00:00+00:00,62.63355795988275
2025-03-20 14:30:00+00:00,2025-03-20 14:30:00+00:00,56.99493567732998
2025-03-20 15:00:00+00:00,2025-03-20 15:00:00+00:00,47.55759776304535
2025-03-20 15:30:00+00:00,2025-03-20 15:30:00+00:00,37.515751377963284
2025-03-20 16:00:00+00:00,2025-03-20 16:00:00+00:00,24.044427892503222
2025-03-20 16:30:00+00:00,2025-03-20 16:30:00+00:00,13.825393826036814
2025-03-20 17:00:00+00:00,2025-03-20 17:00:00+00:00,5.7530452393116285
2025-03-20 17:30:00+00:00,2025-03-20 17:30:00+00:00,1.854511310232243
2025-03-20 18:00:00+00:00,2025-03-20 18:00:00+00:00,0.5528221734833016
2025-03-20 18:30:00+00:00,2025-03-20 18:30:00+00:00,0.6777052106852453
2025-03-20 19:00:00+00:00,2025-03-20 19:00:00+00:00,0.6473475233871104
2025-03-20 19:30:00+00:00,2025-03-20 19:30:00+00:00,0.6074158461905937
2025-03-20 20:00:00+00:00,2025-03-20 20:00:00+00:00,0.9190881499541967
2025-03-20 20:30:00+00:00,2025-03-20 20:30:00+00:00,0.4727896655849664
2025-03-20 21:00:00+00:00,2025-03-20 21:00:00+00:00,0.3623730703288277
2025-03-20 21:30:00+00:00,2025-03-20 21:30:00+00:00,0.33420753952691395
2025-03-20 22:00:00+00:00,2025-03-20 22:00:00+00:00,0.0
2025-03-20 22:30:00+00:00,2025-03-20 22:30:00+00:00,0.0
2025-03-20 23:00:00+00:00,2025-03-20 23:00:00+00:00,0.0
2025-03-20 23:30:00+00:00,2025-03-20 23:30:00+00:00,0.0
2025-03-21 00:00:00+00:00,2025-03-21 00:00:00+00:00,0.0
2025-03-21 00:30:00+00:00,2025-03-21 00:30:00+00:00,0.0
2025-03-21 01:00:00+00:00,2025-03-21 01:00:00+00:00,0.0
2025-03-21 01:30:00+00:00,2025-03-21 01:30:00+00:00,0.0
2025-03-21 02:00:00+00:00,2025-03-21 02:00:00+00:00,0.0
2025-03-21 02:30:00+00:00,2025-03-21 02:30:00+00:00,0.0
2025-03-21 03:00:00+00:00,2025-03-21 03:00:00+00:00,0.0
2025-03-21 03:30:00+00:00,2025-03-21 03:30:00+00:00,0.0
2025-03-21 04:00:00+00:00,2025-03-21 04:00:00+00:00,0.0
2025-03-21 04:30:00+00:00,2025-03-21 04:30:00+00:00,0.0
2025-03-21 05:00:00+00:00,2025-03-21 05:00:00+00:00,0.0
2025-03-21 05:30:00+00:00,2025-03-21 05:30:00+00:00,0.0
2025-03-21 06:00:00+00:00,2025-03-21 06:00:00+00:00,0.0
2025-03-21 06:30:00+00:00,2025-03-21 06:30:00+00:00,0.4861182475960941
2025-03-21 07:00:00+00:00,2025-03-21 07:00:00+00:00,1.1279150750376412
2025-03-21 07:30:00+00:00,2025-03-21 07:30:00+00:00,4.605898325954284
2025-03-21 08:00:00+00:00,2025-03-21 08:00:00+00:00,8.865595935865258
2025-03-21 08:30:00+00:00,2025-03-21 08:30:00+00:00,11.504259899461655
2025-03-21 09:00:00+00:00,2025-03-21 09:00:00+00:00,12.205687289519796
2025-03-21 09:30:00+00:00,2025-03-21 09:30:00+00:00,11.24795055727747
2025-03-21 10:00:00+00:00,2025-03-21 10:00:00+00:00,17.32368538243577
2025-03-21 10:30:00+00:00,2025-03-21 10:30:00+00:00,32.18707616967106
2025-03-21 11:00:00+00:00,2025-03-21 11:00:00+00:00,34.82111859014184
2025-03-21 11:30:00+00:00,2025-03-21 11:30:00+00:00,33.835985095653534
2025-03-21 12:00:00+00:00,2025-03-21 12:00:00+00:00,30.232098713652928
2025-03-21 12:30:00+00:00,2025-03-21 12:30:00+00:00,29.37552338566615
2025-03-21 13:00:00+00:00,2025-03-21 13:00:00+00:00,21.191392979011084
2025-03-21 13:30:00+00:00,2025-03-21 13:30:00+00:00,19.73760819365713
2025-03-21 14:00:00+00:00,2025-03-21 14:00:00+00:00,23.412021966255335
2025-03-21 14:30:00+00:00,2025-03-21 14:30:00+00:00,10.532414788369461
2025-03-21 15:00:00+00:00,2025-03-21 15:00:00+00:00,5.4887785162075
2025-03-21 15:30:00+00:00,2025-03-21 15:30:00+00:00,1.6528617185645436
2025-03-21 16:00:00+00:00,2025-03-21 16:00:00+00:00,1.4095279061232293
2025-03-21 16:30:00+00:00,2025-03-21 16:30:00+00:00,1.1422152483975747
2025-03-21 17:00:00+00:00,2025-03-21 17:00:00+00:00,0.2596105063468016
2025-03-21 17:30:00+00:00,2025-03-21 17:30:00+00:00,0.38355119407439486
2025-03-21 18:00:00+00:00,2025-03-21 18:00:00+00:00,0.0
2025-03-21 18:30:00+00:00,2025-03-21 18:30:00+00:00,0.0
2025-03-21 19:00:00+00:00,2025-03-21 19:00:00+00:00,0.0
2025-03-21 19:30:00+00:00,2025-03-21 19:30:00+00:00,0.0
2025-03-21 20:00:00+00:00,2025-03-21 20:00:00+00:00,0.0
2025-03-21 20:30:00+00:00,2025-03-21 20:30:00+00:00,0.0
2025-03-21 21:00:00+00:00,2025-03-21 21:00:00+00:00,0.0
2025-03-21 21:30:00+00:00,2025-03-21 21:30:00+00:00,0.0
2025-03-21 22:00:00+00:00,2025-03-21 22:00:00+00:00,0.0
2025-03-21 22:30:00+00:00,2025-03-21 22:30:00+00:00,0.0
2025-03-21 23:00:00+00:00,2025-03-21 23:00:00+00:00,0.0
2025-03-21 23:30:00+00:00,2025-03-21 23:30:00+00:00,0.0
2025-03-22 00:00:00+00:00,2025-03-22 00:00:00+00:00,0.0
2025-03-22 00:30:00+00:00,2025-03-22 00:30:00+00:00,0.0
2025-03-22 01:00:00+00:00,2025-03-22 01:00:00+00:00,0.0
2025-03-22 01:30:00+00:00,2025-03-22 01:30:00+00:00,0.0
2025-03-22 02:00:00+00:00,2025-03-22 02:00:00+00:00,0.0
2025-03-22 02:30:00+00:00,2025-03-22 02:30:00+00:00,0.0
2025-03-22 03:00:00+00:00,2025-03-22 03:00:00+00:00,0.0
2025-03-22 03:30:00+00:00,2025-03-22 03:30:00+00:00,0.0
2025-03-22 04:00:00+00:00,2025-03-22 04:00:00+00:00,0.0
2025-03-22 04:30:00+00:00,2025-03-22 04:30:00+00:00,0.0
2025-03-22 05:00:00+00:00,2025-03-22 05:00:00+00:00,0.0
2025-03-22 05:30:00+00:00,2025-03-22 05:30:00+00:00,0.0
2025-03-22 06:00:00+00:00,2025-03-22 06:00:00+00:00,0.0
2025-03-22 06:30:00+00:00,2025-03-22 06:30:00+00:00,0.37828352403232435
2025-03-22 07:00:00+00:00,2025-03-22 07:00:00+00:00,2.478711312823498
2025-03-22 07:30:00+00:00,2025-03-22 07:30:00+00:00,14.933744444536044
2025-03-22 08:00:00+00:00,2025-03-22 08:00:00+00:00,20.78782876933064
2025-03-22 08:30:00+00:00,2025-03-22 08:30:00+00:00,25.068631196179574
2025-03-22 09:00:00+00:00,2025-03-22 09:00:00+00:00,41.43747401276494
2025-03-22 09:30:00+00:00,2025-03-22 09:30:00+00:00,38.887615311710526
2025-03-22 10:00:00+00:00,2025-03-22 10:00:00+00:00,56.66136272440735
2025-03-22 10:30:00+00:00,2025-03-22 10:30:00+00:00,51.55221968985825
2025-03-22 11:00:00+00:00,2025-03-22 11:00:00+00:00,44.22333139603381
2025-03-22 11:30:00+00:00,2025-03-22 11:30:00+00:00,22.64546779545685
2025-03-22 12:00:00+00:00,2025-03-22 12:00:00+00:00,33.29575473342197
2025-03-22 12:30:00+00:00,2025-03-22 12:30:00+00:00,38.9514302569753
2025-03-22 13:00:00+00:00,2025-03-22 13:00:00+00:00,34.80576518114355
2025-03-22 13:30:00+00:00,2025-03-22 13:30:00+00:00,39.48623712699191
2025-03-22 14:00:00+00:00,2025-03-22 14:00:00+00:00,24.13554740216966
2025-03-22 14:30:00+00:00,2025-03-22 14:30:00+00:00,33.30660624060363
2025-03-22 15:00:00+00:00,2025-03-22 15:00:00+00:00,49.17892056139931
2025-03-22 15:30:00+00:00,2025-03-22 15:30:00+00:00,32.30164155545458
2025-03-22 16:00:00+00:00,2025-03-22 16:00:00+00:00,18.655493733725166
2025-03-22 16:30:00+00:00,2025-03-22 16:30:00+00:00,20.312302709231172
2025-03-22 17:00:00+00:00,2025-03-22 17:00:00+00:00,9.21360796528506
2025-03-22 17:30:00+00:00,2025-03-22 17:30:00+00:00,3.1244028710239014
2025-03-22 18:00:00+00:00,2025-03-22 18:00:00+00:00,0.5993419065724375
2025-03-22 18:30:00+00:00,2025-03-22 18:30:00+00:00,0.0
2025-03-22 19:00:00+00:00,2025-03-22 19:00:00+00:00,0.0
2025-03-22 19:30:00+00:00,2025-03-22 19:30:00+00:00,0.0
2025-03-22 20:00:00+00:00,2025-03-22 20:00:00+00:00,0.0
2025-03-22 20:30:00+00:00,2025-03-22 20:30:00+00:00,0.0
2025-03-22 21:00:00+00:00,2025-03-22 21:00:00+00:00,0.0
2025-03-22 21:30:00+00:00,2025-03-22 21:30:00+00:00,0.0
2025-03-22 22:00:00+00:00,2025-03-22 22:00:00+00:00,0.0
2025-03-22 22:30:00+00:00,2025-03-22 22:30:00+00:00,0.0
2025-03-22 23:00:00+00:00,2025-03-22 23:00:00+00:00,0.0
2025-03-22 23:30:00+00:00,2025-03-22 23:30:00+00:00,0.0
2025-03-23 00:00:00+00:00,2025-03-23 00:00:00+00:00,0.0
2025-03-23 00:30:00+00:00,2025-03-23 00:30:00+00:00,0.0
2025-03-23 01:00:00+00:00,2025-03-23 01:00:00+00:00,0.0
2025-03-23 01:30:00+00:00,2025-03-23 01:30:00+00:00,0.0
2025-03-23 02:00:00+00:00,2025-03-23 02:00:00+00:00,0.0
2025-03-23 02:30:00+00:00,2025-03-23 02:30:00+00:00,0.0
2025-03-23 03:00:00+00:00,2025-03-23 03:00:00+00:00,0.0
2025-03-23 03:30:00+00:00,2025-03-23 03:30:00+00:00,0.0
2025-03-23 04:00:00+00:00,2025-03-23 04:00:00+00:00,0.0
2025-03-23 04:30:00+00:00,2025-03-23 04:30:00+00:00,0.0
2025-03-23 05:00:00+00:00,2025-03-23 05:00:00+00:00,0.0
2025-03-23 05:30:00+00:00,2025-03-23 05:30:00+00:00,0.0
2025-03-23 06:00:00+00:00,2025-03-23 06:00:00+00:00,0.46455449329058085
2025-03-23 06:30:00+00:00,2025-03-23 06:30:00+00:00,2.1202899755011195
2025-03-23 07:00:00+00:00,2025-03-23 07:00:00+00:00,3.3589814652206433
2025-03-23 07:30:00+00:00,2025-03-23 07:30:00+00:00,6.393471061385409
2025-03-23 08:00:00+00:00,2025-03-23 08:00:00+00:00,24.52301836774654
2025-03-23 08:30:00+00:00,2025-03-23 08:30:00+00:00,29.5862768595449
2025-03-23 09:00:00+00:00,2025-03-23 09:00:00+00:00,50.13432072515445
2025-03-23 09:30:00+00:00,2025-03-23 09:30:00+00:00,56.01049003455228
2025-03-23 10:00:00+00:00,2025-03-23 10:00:00+00:00,37.29146858680315
2025-03-23 10:30:00+00:00,2025-03-23 10:30:00+00:00,12.864800426197231
2025-03-23 11:00:00+00:00,2025-03-23 11:00:00+00:00,13.187846609725053
2025-03-23 11:30:00+00:00,2025-03-23 11:30:00+00:00,19.335529251055277
2025-03-23 12:00:00+00:00,2025-03-23 12:00:00+00:00,9.38873172391504
2025-03-23 12:30:00+00:00,2025-03-23 12:30:00+00:00,12.28237626061252
2025-03-23 13:00:00+00:00,2025-03-23 13:00:00+00:00,10.897744312928806
2025-03-23 13:30:00+00:00,2025-03-23 13:30:00+00:00,6.748564820352608
2025-03-23 14:00:00+00:00,2025-03-23 14:00:00+00:00,20.5978187193898
2025-03-23 14:30:00+00:00,2025-03-23 14:30:00+00:00,20.939303284847597
2025-03-23 15:00:00+00:00,2025-03-23 15:00:00+00:00,9.113223403688037
2025-03-23 15:30:00+00:00,2025-03-23 15:30:00+00:00,3.8145449455259532
2025-03-23 16:00:00+00:00,2025-03-23 16:00:00+00:00,1.6956089544384718
2025-03-23 16:30:00+00:00,2025-03-23 16:30:00+00:00,1.2761663930465172
2025-03-23 17:00:00+00:00,2025-03-23 17:00:00+00:00,5.537148068151052
2025-03-23 17:30:00+00:00,2025-03-23 17:30:00+00:00,0.9132080549062489
2025-03-23 18:00:00+00:00,2025-03-23 18:00:00+00:00,0.37779811982426326
2025-03-23 18:30:00+00:00,2025-03-23 18:30:00+00:00,0.0
2025-03-23 19:00:00+00:00,2025-03-23 19:00:00+00:00,0.0
2025-03-23 19:30:00+00:00,2025-03-23 19:30:00+00:00,0.0
2025-03-23 20:00:00+00:00,2025-03-23 20:00:00+00:00,0.0
2025-03-23 20:30:00+00:00,2025-03-23 20:30:00+00:00,0.0
2025-03-23 21:00:00+00:00,2025-03-23 21:00:00+00:00,0.0
2025-03-23 21:30:00+00:00,2025-03-23 21:30:00+00:00,0.0
2025-03-23 22:00:00+00:00,2025-03-23 22:00:00+00:00,0.0
2025-03-23 22:30:00+00:00,2025-03-23 22:30:00+00:00,0.0
2025-03-23 23:00:00+00:00,2025-03-23 23:00:00+00:00,0.0
2025-03-23 23:30:00+00:00,2025-03-23 23:30:00+00:00,0.0
2025-03-24 00:00:00+00:00,2025-03-24 00:00:00+00:00,0.0
2025-03-24 00:30:00+00:00,2025-03-24 00:30:00+00:00,0.0
2025-03-24 01:00:00+00:00,2025-03-24 01:00:00+00:00,0.0
2025-03-24 01:30:00+00:00,2025-03-24 01:30:00+00:00,0.0
2025-03-24 02:00:00+00:00,2025-03-24 02:00:00+00:00,0.0
2025-03-24 02:30:00+00:00,2025-03-24 02:30:00+00:00,0.0
2025-03-24 03:00:00+00:00,2025-03-24 03:00:00+00:00,0.0
2025-03-24 03:30:00+00:00,2025-03-24 03:30:00+00:00,0.0
2025-03-24 04:00:00+00:00,2025-03-24 04:00:00+00:00,0.0
2025-03-24 04:30:00+00:00,2025-03-24 04:30:00+00:00,0.0
2025-03-24 05:00:00+00:00,2025-03-24 05:00:00+00:00,0.0
2025-03-24 05:30:00+00:00,2025-03-24 05:30:00+00:00,0.0
2025-03-24 06:00:00+00:00,2025-03-24 06:00:00+00:00,0.0
2025-03-24 06:30:00+00:00,2025-03-24 06:30:00+00:00,0.681662417290282
2025-03-24 07:00:00+00:00,2025-03-24 07:00:00+00:00,1.1904778286422562
2025-03-24 07:30:00+00:00,2025-03-24 07:30:00+00:00,2.7200542686476448
2025-03-24 08:00:00+00:00,2025-03-24 08:00:00+00:00,6.381147219063108
2025-03-24 08:30:00+00:00,2025-03-24 08:30:00+00:00,17.994237857616206
2025-03-24 09:00:00+00:00,2025-03-24 09:00:00+00:00,13.897574606457054
2025-03-24 09:30:00+00:00,2025-03-24 09:30:00+00:00,14.272549628447786
2025-03-24 10:00:00+00:00,2025-03-24 10:00:00+00:00,16.028319463866634
2025-03-24 10:30:00+00:00,2025-03-24 10:30:00+00:00,15.935420293748848
2025-03-24 11:00:00+00:00,2025-03-24 11:00:00+00:00,20.622135642188592
2025-03-24 11:30:00+00:00,2025-03-24 11:30:00+00:00,19.9127614630263
2025-03-24 12:00:00+00:00,2025-03-24 12:00:00+00:00,19.490946806010694
2025-03-24 12:30:00+00:00,2025-03-24 12:30:00+00:00,26.592786537147845
2025-03-24 13:00:00+00:00,2025-03-24 13:00:00+00:00,27.636019968261962
2025-03-24 13:30:00+00:00,2025-03-24 13:30:00+00:00,36.15342762381226
2025-03-24 14:00:00+00:00,2025-03-24 14:00:00+00:00,45.55260969535186
2025-03-24 14:30:00+00:00,2025-03-24 14:30:00+00:00,32.36243538725057
2025-03-24 15:00:00+00:00,2025-03-24 15:00:00+00:00,31.140168755307396
2025-03-24 15:30:00+00:00,2025-03-24 15:30:00+00:00,38.13834358016811
2025-03-24 16:00:00+00:00,2025-03-24 16:00:00+00:00,27.431065623087754
2025-03-24 16:30:00+00:00,2025-03-24 16:30:00+00:00,17.906953793680483
2025-03-24 17:00:00+00:00,2025-03-24 17:00:00+00:00,9.038118620862614
2025-03-24 17:30:00+00:00,2025-03-24 17:30:00+00:00,2.4659639568429452
2025-03-24 18:00:00+00:00,2025-03-24 18:00:00+00:00,0.8863865794899843
2025-03-24 18:30:00+00:00,2025-03-24 18:30:00+00:00,0.0
2025-03-24 19:00:00+00:00,2025-03-24 19:00:00+00:00,0.0
2025-03-24 19:30:00+00:00,2025-03-24 19:30:00+00:00,0.0
2025-03-24 20:00:00+00:00,2025-03-24 20:00:00+00:00,0.0
2025-03-24 20:30:00+00:00,2025-03-24 20:30:00+00:00,0.0
2025-03-24 21:00:00+00:00,2025-03-24 21:00:00+00:00,0.0
2025-03-24 21:30:00+00:00,2025-03-24 21:30:00+00:00,0.0
2025-03-24 22:00:00+00:00,2025-03-24 22:00:00+00:00,0.0
2025-03-24 22:30:00+00:00,2025-03-24 22:30:00+00:00,0.0
2025-03-24 23:00:00+00:00,2025-03-24 23:00:00+00:00,0.0
2025-03-24 23:30:00+00:00,2025-03-24 23:30:00+00:00,0.0
2025-03-25 00:00:00+00:00,2025-03-25 00:00:00+00:00,0.0
2025-03-25 00:30:00+00:00,2025-03-25 00:30:00+00:00,0.0
2025-03-25 01:00:00+00:00,2025-03-25 01:00:00+00:00,0.0
2025-03-25 01:30:00+00:00,2025-03-25 01:30:00+00:00,0.0
2025-03-25 02:00:00+00:00,2025-03-25 02:00:00+00:00,0.0
2025-03-25 02:30:00+00:00,2025-03-25 02:30:00+00:00,0.0
2025-03-25 03:00:00+00:00,2025-03-25 03:00:00+00:00,0.0
2025-03-25 03:30:00+00:00,2025-03-25 03:30:00+00:00,0.0
2025-03-25 04:00:00+00:00,2025-03-25 04:00:00+00:00,0.0
2025-03-25 04:30:00+00:00,2025-03-25 04:30:00+00:00,0.0
2025-03-25 05:00:00+00:00,2025-03-25 05:00:00+00:00,0.0
2025-03-25 05:30:00+00:00,2025-03-25 05:30:00+00:00,0.0
2025-03-25 06:00:00+00:00,2025-03-25 06:00:00+00:00,1.3707500610762484
2025-03-25 06:30:00+00:00,2025-03-25 06:30:00+00:00,4.092822084330651
2025-03-25 07:00:00+00:00,2025-03-25 07:00:00+00:00,4.944310769036289
2025-03-25 07:30:00+00:00,2025-03-25 07:30:00+00:00,10.594637039074314
2025-03-25 08:00:00+00:00,2025-03-25 08:00:00+00:00,31.02198327561473
2025-03-25 08:30:00+00:00,2025-03-25 08:30:00+00:00,44.15207019696459
2025-03-25 09:00:00+00:00,2025-03-25 09:00:00+00:00,42.74851359091349
2025-03-25 09:30:00+00:00,2025-03-25 09:30:00+00:00,40.97369804089192
2025-03-25 10:00:00+00:00,2025-03-25 10:00:00+00:00,34.607364270373864
2025-03-25 10:30:00+00:00,2025-03-25 10:30:00+00:00,20.926255999256114
2025-03-25 11:00:00+00:00,2025-03-25 11:00:00+00:00,40.644236726686245
2025-03-25 11:30:00+00:00,2025-03-25 11:30:00+00:00,28.498979189701
2025-03-25 12:00:00+00:00,2025-03-25 12:00:00+00:00,30.582513467471692
2025-03-25 12:30:00+00:00,2025-03-25 12:30:00+00:00,48.111447585643305
2025-03-25 13:00:00+00:00,2025-03-25 13:00:00+00:00,48.41596372380467
2025-03-25 13:30:00+00:00,2025-03-25 13:30:00+00:00,33.13056785870253
2025-03-25 14:00:00+00:00,2025-03-25 14:00:00+00:00,27.118013177246663
2025-03-25 14:30:00+00:00,2025-03-25 14:30:00+00:00,15.99034701141147
2025-03-25 15:00:00+00:00,2025-03-25 15:00:00+00:00,13.405226377237792
2025-03-25 15:30:00+00:00,2025-03-25 15:30:00+00:00,16.218034171055816
2025-03-25 16:00:00+00:00,2025-03-25 16:00:00+00:00,29.867281952923687
2025-03-25 16:30:00+00:00,2025-03-25 16:30:00+00:00,6.339011903254532
2025-03-25 17:00:00+00:00,2025-03-25 17:00:00+00:00,2.153403553264864
2025-03-25 17:30:00+00:00,2025-03-25 17:30:00+00:00,0.3466985194154393
2025-03-25 18:00:00+00:00,2025-03-25 18:00:00+00:00,0.9108260578973947
2025-03-25 18:30:00+00:00,2025-03-25 18:30:00+00:00,0.0
2025-03-25 19:00:00+00:00,2025-03-25 19:00:00+00:00,0.0
2025-03-25 19:30:00+00:00,2025-03-25 19:30:00+00:00,0.0
2025-03-25 20:00:00+00:00,2025-03-25 20:00:00+00:00,0.0
2025-03-25 20:30:00+00:00,2025-03-25 20:30:00+00:00,0.0
2025-03-25 21:00:00+00:00,2025-03-25 21:00:00+00:00,0.0
2025-03-25 21:30:00+00:00,2025-03-25 21:30:00+00:00,0.0
2025-03-25 22:00:00+00:00,2025-03-25 22:00:00+00:00,0.0
2025-03-25 22:30:00+00:00,2025-03-25 22:30:00+00:00,0.0
2025-03-25 23:00:00+00:00,2025-03-25 23:00:00+00:00,0.0
2025-03-25 23:30:00+00:00,2025-03-25 23:30:00+00:00,0.0
2025-03-26 00:00:00+00:00,2025-03-26 00:00:00+00:00,0.0
2025-03-26 00:30:00+00:00,2025-03-26 00:30:00+00:00,0.0
2025-03-26 01:00:00+00:00,2025-03-26 01:00:00+00:00,0.0
2025-03-26 01:30:00+00:00,2025-03-26 01:30:00+00:00,0.0
2025-03-26 02:00:00+00:00,2025-03-26 02:00:00+00:00,0.0
2025-03-26 02:30:00+00:00,2025-03-26 02:30:00+00:00,0.0
2025-03-26 03:00:00+00:00,2025-03-26 03:00:00+00:00,0.0
2025-03-26 03:30:00+00:00,2025-03-26 03:30:00+00:00,0.0
2025-03-26 04:00:00+00:00,2025-03-26 04:00:00+00:00,0.0
2025-03-26 04:30:00+00:00,2025-03-26 04:30:00+00:00,0.0
2025-03-26 05:00:00+00:00,2025-03-26 05:00:00+00:00,0.0
2025-03-26 05:30:00+00:00,2025-03-26 05:30:00+00:00,0.0
2025-03-26 06:00:00+00:00,2025-03-26 06:00:00+00:00,0.4880009401838731
2025-03-26 06:30:00+00:00,2025-03-26 06:30:00+00:00,1.672473163521315
2025-03-26 07:00:00+00:00,2025-03-26 07:00:00+00:00,2.949349162593643
2025-03-26 07:30:00+00:00,2025-03-26 07:30:00+00:00,7.823923145156412
2025-03-26 08:00:00+00:00,2025-03-26 08:00:00+00:00,32.448129513045835
2025-03-26 08:30:00+00:00,2025-03-26 08:30:00+00:00,40.35854852430043
2025-03-26 09:00:00+00:00,2025-03-26 09:00:00+00:00,54.2083106261116
2025-03-26 09:30:00+00:00,2025-03-26 09:30:00+00:00,43.66176669070694
2025-03-26 10:00:00+00:00,2025-03-26 10:00:00+00:00,17.075789453604326
2025-03-26 10:30:00+00:00,2025-03-26 10:30:00+00:00,24.287360680134153
2025-03-26 11:00:00+00:00,2025-03-26 11:00:00+00:00,17.84293494245014
2025-03-26 11:30:00+00:00,2025-03-26 11:30:00+00:00,40.491939921457856
2025-03-26 12:00:00+00:00,2025-03-26 12:00:00+00:00,42.248604366344125
2025-03-26 12:30:00+00:00,2025-03-26 12:30:00+00:00,35.04442247272243
2025-03-26 13:00:00+00:00,2025-03-26 13:00:00+00:00,65.4281034575838
2025-03-26 13:30:00+00:00,2025-03-26 13:30:00+00:00,64.28170898640644
2025-03-26 14:00:00+00:00,2025-03-26 14:00:00+00:00,60.25335796446211
2025-03-26 14:30:00+00:00,2025-03-26 14:30:00+00:00,55.066406079432106
2025-03-26 15:00:00+00:00,2025-03-26 15:00:00+00:00,45.97456943204304
2025-03-26 15:30:00+00:00,2025-03-26 15:30:00+00:00,27.483461196902567
2025-03-26 16:00:00+00:00,2025-03-26 16:00:00+00:00,17.32841573380528
2025-03-26 16:30:00+00:00,2025-03-26 16:30:00+00:00,15.334120918281315
2025-03-26 17:00:00+00:00,2025-03-26 17:00:00+00:00,2.5534085981172057
2025-03-26 17:30:00+00:00,2025-03-26 17:30:00+00:00,1.1816041819240564
2025-03-26 18:00:00+00:00,2025-03-26 18:00:00+00:00,0.10544821842387364
2025-03-26 18:30:00+00:00,2025-03-26 18:30:00+00:00,0.0
2025-03-26 19:00:00+00:00,2025-03-26 19:00:00+00:00,0.0
2025-03-26 19:30:00+00:00,2025-03-26 19:30:00+00:00,0.0
2025-03-26 20:00:00+00:00,2025-03-26 20:00:00+00:00,0.0
2025-03-26 20:30:00+00:00,2025-03-26 20:30:00+00:00,0.0
2025-03-26 21:00:00+00:00,2025-03-26 21:00:00+00:00,0.0
2025-03-26 21:30:00+00:00,2025-03-26 21:30:00+00:00,0.0
2025-03-26 22:00:00+00:00,2025-03-26 22:00:00+00:00,0.0
2025-03-26 22:30:00+00:00,2025-03-26 22:30:00+00:00,0.0
2025-03-26 23:00:00+00:00,2025-03-26 23:00:00+00:00,0.0
2025-03-26 23:30:00+00:00,2025-03-26 23:30:00+00:00,0.0
2025-03-27 00:00:00+00:00,2025-03-27 00:00:00+00:00,0.0
2025-03-27 00:30:00+00:00,2025-03-27 00:30:00+00:00,0.0
2025-03-27 01:00:00+00:00,2025-03-27 01:00:00+00:00,0.0
2025-03-27 01:30:00+00:00,2025-03-27 01:30:00+00:00,0.0
2025-03-27 02:00:00+00:00,2025-03-27 02:00:00+00:00,0.0
2025-03-27 02:30:00+00:00,2025-03-27 02:30:00+00:00,0.0
2025-03-27 03:00:00+00:00,2025-03-27 03:00:00+00:00,0.0
2025-03-27 03:30:00+00:00,2025-03-27 03:30:00+00:00,0.0
2025-03-27 04:00:00+00:00,2025-03-27 04:00:00+00:00,0.0
2025-03-27 04:30:00+00:00,2025-03-27 04:30:00+00:00,0.0
2025-03-27 05:00:00+00:00,2025-03-27 05:00:00+00:00,0.0
2025-03-27 05:30:00+00:00,2025-03-27 05:30:00+00:00,0.0
2025-03-27 06:00:00+00:00,2025-03-27 06:00:00+00:00,0.483936178435479
2025-03-27 06:30:00+00:00,2025-03-27 06:30:00+00:00,1.2130792772173096
2025-03-27 07:00:00+00:00,2025-03-27 07:00:00+00:00,3.3486508668373727
2025-03-27 07:30:00+00:00,2025-03-27 07:30:00+00:00,3.4111818225509647
2025-03-27 08:00:00+00:00,2025-03-27 08:00:00+00:00,4.690951417077936
2025-03-27 08:30:00+00:00,2025-03-27 08:30:00+00:00,5.847873325961924
2025-03-27 09:00:00+00:00,2025-03-27 09:00:00+00:00,6.957910571095905
2025-03-27 09:30:00+00:00,2025-03-27 09:30:00+00:00,9.42463522310572
2025-03-27 10:00:00+00:00,2025-03-27 10:00:00+00:00,10.630811662451716
2025-03-27 10:30:00+00:00,2025-03-27 10:30:00+00:00,14.823142611155841
2025-03-27 11:00:00+00:00,2025-03-27 11:00:00+00:00,18.32514315732214
2025-03-27 11:30:00+00:00,2025-03-27 11:30:00+00:00,14.516412121666118
2025-03-27 12:00:00+00:00,2025-03-27 12:00:00+00:00,20.19727948380773
2025-03-27 12:30:00+00:00,2025-03-27 12:30:00+00:00,23.371473054224225
2025-03-27 13:00:00+00:00,2025-03-27 13:00:00+00:00,20.746471729331
2025-03-27 13:30:00+00:00,2025-03-27 13:30:00+00:00,14.892754110008351
2025-03-27 14:00:00+00:00,2025-03-27 14:00:00+00:00,9.73877916893684
2025-03-27 14:30:00+00:00,2025-03-27 14:30:00+00:00,7.259873745540286
2025-03-27 15:00:00+00:00,2025-03-27 15:00:00+00:00,5.106126088363905
2025-03-27 15:30:00+00:00,2025-03-27 15:30:00+00:00,3.9540168735378507
2025-03-27 16:00:00+00:00,2025-03-27 16:00:00+00:00,2.6775883850785904
2025-03-27 16:30:00+00:00,2025-03-27 16:30:00+00:00,4.3549643837633285
2025-03-27 17:00:00+00:00,2025-03-27 17:00:00+00:00,2.2921474955822587
2025-03-27 17:30:00+00:00,2025-03-27 17:30:00+00:00,1.9386920483478138
2025-03-27 18:00:00+00:00,2025-03-27 18:00:00+00:00,0.5754847852051626
2025-03-27 18:30:00+00:00,2025-03-27 18:30:00+00:00,0.0
2025-03-27 19:00:00+00:00,2025-03-27 19:00:00+00:00,0.0
2025-03-27 19:30:00+00:00,2025-03-27 19:30:00+00:00,0.0
2025-03-27 20:00:00+00:00,2025-03-27 20:00:00+00:00,0.0
2025-03-27 20:30:00+00:00,2025-03-27 20:30:00+00:00,0.0
2025-03-27 21:00:00+00:00,2025-03-27 21:00:00+00:00,0.0
2025-03-27 21:30:00+00:00,2025-03-27 21:30:00+00:00,0.0
2025-03-27 22:00:00+00:00,2025-03-27 22:00:00+00:00,0.0
2025-03-27 22:30:00+00:00,2025-03-27 22:30:00+00:00,0.0
2025-03-27 23:00:00+00:00,2025-03-27 23:00:00+00:00,0.0
2025-03-27 23:30:00+00:00,2025-03-27 23:30:00+00:00,0.0
2025-03-28 00:00:00+00:00,2025-03-28 00:00:00+00:00,0.0
2025-03-28 00:30:00+00:00,2025-03-28 00:30:00+00:00,0.0
2025-03-28 01:00:00+00:00,2025-03-28 01:00:00+00:00,0.0
2025-03-28 01:30:00+00:00,2025-03-28 01:30:00+00:00,0.0
2025-03-28 02:00:00+00:00,2025-03-28 02:00:00+00:00,0.0
2025-03-28 02:30:00+00:00,2025-03-28 02:30:00+00:00,0.0
2025-03-28 03:00:00+00:00,2025-03-28 03:00:00+00:00,0.0
2025-03-28 03:30:00+00:00,2025-03-28 03:30:00+00:00,0.0
2025-03-28 04:00:00+00:00,2025-03-28 04:00:00+00:00,0.0
2025-03-28 04:30:00+00:00,2025-03-28 04:30:00+00:00,0.0
2025-03-28 05:00:00+00:00,2025-03-28 05:00:00+00:00,0.0
2025-03-28 05:30:00+00:00,2025-03-28 05:30:00+00:00,0.0
2025-03-28 06:00:00+00:00,2025-03-28 06:00:00+00:00,0.3451209041738994
2025-03-28 06:30:00+00:00,2025-03-28 06:30:00+00:00,1.0852894949992993
2025-03-28 07:00:00+00:00,2025-03-28 07:00:00+00:00,2.9904936614107838
2025-03-28 07:30:00+00:00,2025-03-28 07:30:00+00:00,8.887129388001652
2025-03-28 08:00:00+00:00,2025-03-28 08:00:00+00:00,22.01125962550145
2025-03-28 08:30:00+00:00,2025-03-28 08:30:00+00:00,45.97351236111547
2025-03-28 09:00:00+00:00,2025-03-28 09:00:00+00:00,46.57591678802362
2025-03-28 09:30:00+00:00,2025-03-28 09:30:00+00:00,43.861215830170515
2025-03-28 10:00:00+00:00,2025-03-28 10:00:00+00:00,55.31587195564907
2025-03-28 10:30:00+00:00,2025-03-28 10:30:00+00:00,43.731854269978044
2025-03-28 11:00:00+00:00,2025-03-28 11:00:00+00:00,44.1826108218105
2025-03-28 11:30:00+00:00,2025-03-28 11:30:00+00:00,40.895112264383556
2025-03-28 12:00:00+00:00,2025-03-28 12:00:00+00:00,67.44541105939345
2025-03-28 12:30:00+00:00,2025-03-28 12:30:00+00:00,53.79194150852709
2025-03-28 13:00:00+00:00,2025-03-28 13:00:00+00:00,64.08237658954181
2025-03-28 13:30:00+00:00,2025-03-28 13:30:00+00:00,61.01440528965793
2025-03-28 14:00:00+00:00,2025-03-28 14:00:00+00:00,56.174785018363075
2025-03-28 14:30:00+00:00,2025-03-28 14:30:00+00:00,61.25236354135427
2025-03-28 15:00:00+00:00,2025-03-28 15:00:00+00:00,48.08712047245614
2025-03-28 15:30:00+00:00,2025-03-28 15:30:00+00:00,46.01948927947717
2025-03-28 16:00:00+00:00,2025-03-28 16:00:00+00:00,34.663018148897436
2025-03-28 16:30:00+00:00,2025-03-28 16:30:00+00:00,23.223338533670812
2025-03-28 17:00:00+00:00,2025-03-28 17:00:00+00:00,14.171217120320307
2025-03-28 17:30:00+00:00,2025-03-28 17:30:00+00:00,5.222864352473208
2025-03-28 18:00:00+00:00,2025-03-28 18:00:00+00:00,2.3229487947293492
2025-03-28 18:30:00+00:00,2025-03-28 18:30:00+00:00,1.413876727019895
2025-03-28 19:00:00+00:00,2025-03-28 19:00:00+00:00,0.0
2025-03-28 19:30:00+00:00,2025-03-28 19:30:00+00:00,0.0
2025-03-28 20:00:00+00:00,2025-03-28 20:00:00+00:00,0.0
2025-03-28 20:30:00+00:00,2025-03-28 20:30:00+00:00,0.0
2025-03-28 21:00:00+00:00,2025-03-28 21:00:00+00:00,0.0
2025-03-28 21:30:00+00:00,2025-03-28 21:30:00+00:00,0.0
2025-03-28 22:00:00+00:00,2025-03-28 22:00:00+00:00,0.0
2025-03-28 22:30:00+00:00,2025-03-28 22:30:00+00:00,0.0
2025-03-28 23:00:00+00:00,2025-03-28 23:00:00+00:00,0.0
2025-03-28 23:30:00+00:00,2025-03-28 23:30:00+00:00,0.0
2025-03-29 00:00:00+00:00,2025-03-29 00:00:00+00:00,0.0
2025-03-29 00:30:00+00:00,2025-03-29 00:30:00+00:00,0.0
2025-03-29 01:00:00+00:00,2025-03-29 01:00:00+00:00,0.0
2025-03-29 01:30:00+00:00,2025-03-29 01:30:00+00:00,0.0
2025-03-29 02:00:00+00:00,2025-03-29 02:00:00+00:00,0.0
2025-03-29 02:30:00+00:00,2025-03-29 02:30:00+00:00,0.0
2025-03-29 03:00:00+00:00,2025-03-29 03:00:00+00:00,0.0
2025-03-29 03:30:00+00:00,2025-03-29 03:30:00+00:00,0.0
2025-03-29 04:00:00+00:00,2025-03-29 04:00:00+00:00,0.0
2025-03-29 04:30:00+00:00,2025-03-29 04:30:00+00:00,0.0
2025-03-29 05:00:00+00:00,2025-03-29 05:00:00+00:00,0.0
2025-03-29 05:30:00+00:00,2025-03-29 05:30:00+00:00,0.0
2025-03-29 06:00:00+00:00,2025-03-29 06:00:00+00:00,2.164442810377444
2025-03-29 06:30:00+00:00,2025-03-29 06:30:00+00:00,7.252570510754591
2025-03-29 07:00:00+00:00,2025-03-29 07:00:00+00:00,17.45628910636196
2025-03-29 07:30:00+00:00,2025-03-29 07:30:00+00:00,28.537979722290853
2025-03-29 08:00:00+00:00,2025-03-29 08:00:00+00:00,15.655020297051122
2025-03-29 08:30:00+00:00,2025-03-29 08:30:00+00:00,25.569781496994775
2025-03-29 09:00:00+00:00,2025-03-29 09:00:00+00:00,33.98795800179175
2025-03-29 09:30:00+00:00,2025-03-29 09:30:00+00:00,55.062483760073974
2025-03-29 10:00:00+00:00,2025-03-29 10:00:00+00:00,61.61193298314697
2025-03-29 10:30:00+00:00,2025-03-29 10:30:00+00:00,54.28185212344658
2025-03-29 11:00:00+00:00,2025-03-29 11:00:00+00:00,56.87204106860441
2025-03-29 11:30:00+00:00,2025-03-29 11:30:00+00:00,62.97833775831793
2025-03-29 12:00:00+00:00,2025-03-29 12:00:00+00:00,56.12800720405493
2025-03-29 12:30:00+00:00,2025-03-29 12:30:00+00:00,59.653054631277996
2025-03-29 13:00:00+00:00,2025-03-29 13:00:00+00:00,48.423251079690765
2025-03-29 13:30:00+00:00,2025-03-29 13:30:00+00:00,61.93348784438001
2025-03-29 14:00:00+00:00,2025-03-29 14:00:00+00:00,59.71653817823459
2025-03-29 14:30:00+00:00,2025-03-29 14:30:00+00:00,57.466787774579295
2025-03-29 15:00:00+00:00,2025-03-29 15:00:00+00:00,29.62078079000855
2025-03-29 15:30:00+00:00,2025-03-29 15:30:00+00:00,15.360035916088005
2025-03-29 16:00:00+00:00,2025-03-29 16:00:00+00:00,11.588382934647026
2025-03-29 16:30:00+00:00,2025-03-29 16:30:00+00:00,6.614799190919936
2025-03-29 17:00:00+00:00,2025-03-29 17:00:00+00:00,4.748014385216109
2025-03-29 17:30:00+00:00,2025-03-29 17:30:00+00:00,1.8253394224771933
2025-03-29 18:00:00+00:00,2025-03-29 18:00:00+00:00,0.8665520717046509
2025-03-29 18:30:00+00:00,2025-03-29 18:30:00+00:00,0.0
2025-03-29 19:00:00+00:00,2025-03-29 19:00:00+00:00,0.0
2025-03-29 19:30:00+00:00,2025-03-29 19:30:00+00:00,0.0
2025-03-29 20:00:00+00:00,2025-03-29 20:00:00+00:00,0.0
2025-03-29 20:30:00+00:00,2025-03-29 20:30:00+00:00,0.0
2025-03-29 21:00:00+00:00,2025-03-29 21:00:00+00:00,0.1689558739894319
2025-03-29 21:30:00+00:00,2025-03-29 21:30:00+00:00,0.2294994774820971
2025-03-29 22:00:00+00:00,2025-03-29 22:00:00+00:00,0.404376246913253
2025-03-29 22:30:00+00:00,2025-03-29 22:30:00+00:00,0.29896902713160767
2025-03-29 23:00:00+00:00,2025-03-29 23:00:00+00:00,0.5068424361796051
2025-03-29 23:30:00+00:00,2025-03-29 23:30:00+00:00,0.47919827135200255
2025-03-30 00:00:00+00:00,2025-03-30 00:00:00+00:00,0.0
2025-03-30 00:30:00+00:00,2025-03-30 00:30:00+00:00,0.0
2025-03-30 01:00:00+00:00,2025-03-30 02:00:00+01:00,0.0
2025-03-30 01:30:00+00:00,2025-03-30 02:30:00+01:00,0.0
2025-03-30 02:00:00+00:00,2025-03-30 03:00:00+01:00,0.0
2025-03-30 02:30:00+00:00,2025-03-30 03:30:00+01:00,0.0
2025-03-30 03:00:00+00:00,2025-03-30 04:00:00+01:00,0.0
2025-03-30 03:30:00+00:00,2025-03-30 04:30:00+01:00,0.0
2025-03-30 04:00:00+00:00,2025-03-30 05:00:00+01:00,0.0
2025-03-30 04:30:00+00:00,2025-03-30 05:30:00+01:00,0.0
2025-03-30 05:00:00+00:00,2025-03-30 06:00:00+01:00,0.0
2025-03-30 05:30:00+00:00,2025-03-30 06:30:00+01:00,0.0
2025-03-30 06:00:00+00:00,2025-03-30 07:00:00+01:00,1.308769352746439
2025-03-30 06:30:00+00:00,2025-03-30 07:30:00+01:00,3.5513026699669545
2025-03-30 07:00:00+00:00,2025-03-30 08:00:00+01:00,13.185933452368996
2025-03-30 07:30:00+00:00,2025-03-30 08:30:00+01:00,27.958094584842343
2025-03-30 08:00:00+00:00,2025-03-30 09:00:00+01:00,39.89205089683594
2025-03-30 08:30:00+00:00,2025-03-30 09:30:00+01:00,49.07122947543803
2025-03-30 09:00:00+00:00,2025-03-30 10:00:00+01:00,57.09647223458046
2025-03-30 09:30:00+00:00,2025-03-30 10:30:00+01:00,60.095169407697654
2025-03-30 10:00:00+00:00,2025-03-30 11:00:00+01:00,64.23480238703564
2025-03-30 10:30:00+00:00,2025-03-30 11:30:00+01:00,66.81495756432764
2025-03-30 11:00:00+00:00,2025-03-30 12:00:00+01:00,59.66777819854417
2025-03-30 11:30:00+00:00,2025-03-30 12:30:00+01:00,53.36706335008409
2025-03-30 12:00:00+00:00,2025-03-30 13:00:00+01:00,58.60460159976935
2025-03-30 12:30:00+00:00,2025-03-30 13:30:00+01:00,59.79744065116154
2025-03-30 13:00:00+00:00,2025-03-30 14:00:00+01:00,59.13042674179939
2025-03-30 13:30:00+00:00,2025-03-30 14:30:00+01:00,66.08997624723395
2025-03-30 14:00:00+00:00,2025-03-30 15:00:00+01:00,59.57123972473835
2025-03-30 14:30:00+00:00,2025-03-30 15:30:00+01:00,58.38773000430387
2025-03-30 15:00:00+00:00,2025-03-30 16:00:00+01:00,51.78786817828006
2025-03-30 15:30:00+00:00,2025-03-30 16:30:00+01:00,42.6533715406938
2025-03-30 16:00:00+00:00,2025-03-30 17:00:00+01:00,33.1649443634003
2025-03-30 16:30:00+00:00,2025-03-30 17:30:00+01:00,21.340636754729296
2025-03-30 17:00:00+00:00,2025-03-30 18:00:00+01:00,11.717296753050046
2025-03-30 17:30:00+00:00,2025-03-30 18:30:00+01:00,4.946353126791561
2025-03-30 18:00:00+00:00,2025-03-30 19:00:00+01:00,1.5492499854170776
2025-03-30 18:30:00+00:00,2025-03-30 19:30:00+01:00,1.4449230734506933
2025-03-30 19:00:00+00:00,2025-03-30 20:00:00+01:00,0.0
2025-03-30 19:30:00+00:00,2025-03-30 20:30:00+01:00,0.0
2025-03-30 20:00:00+00:00,2025-03-30 21:00:00+01:00,0.0
2025-03-30 20:30:00+00:00,2025-03-30 21:30:00+01:00,0.0
2025-03-30 21:00:00+00:00,2025-03-30 22:00:00+01:00,0.0
2025-03-30 21:30:00+00:00,2025-03-30 22:30:00+01:00,0.0
2025-03-30 22:00:00+00:00,2025-03-30 23:00:00+01:00,0.0
2025-03-30 22:30:00+00:00,2025-03-30 23:30:00+01:00,0.0
2025-03-30 23:00:00+00:00,2025-03-31 00:00:00+01:00,0.0
2025-03-30 23:30:00+00:00,2025-03-31 00:30:00+01:00,0.0
2025-03-31 00:00:00+00:00,2025-03-31 01:00:00+01:00,0.0
2025-03-31 00:30:00+00:00,2025-03-31 01:30:00+01:00,0.0
2025-03-31 01:00:00+00:00,2025-03-31 02:00:00+01:00,0.0
2025-03-31 01:30:00+00:00,2025-03-31 02:30:00+01:00,0.0
2025-03-31 02:00:00+00:00,2025-03-31 03:00:00+01:00,0.0
2025-03-31 02:30:00+00:00,2025-03-31 03:30:00+01:00,0.0
2025-03-31 03:00:00+00:00,2025-03-31 04:00:00+01:00,0.0
2025-03-31 03:30:00+00:00,2025-03-31 04:30:00+01:00,0.0
2025-03-31 04:00:00+00:00,2025-03-31 05:00:00+01:00,0.0
2025-03-31 04:30:00+00:00,2025-03-31 05:30:00+01:00,0.0
2025-03-31 05:00:00+00:00,2025-03-31 06:00:00+01:00,0.0
2025-03-31 05:30:00+00:00,2025-03-31 06:30:00+01:00,0.0
2025-03-31 06:00:00+00:00,2025-03-31 07:00:00+01:00,1.7812844147499591
2025-03-31 06:30:00+00:00,2025-03-31 07:30:00+01:00,8.582384860172056
2025-03-31 07:00:00+00:00,2025-03-31 08:00:00+01:00,17.371847878009813
2025-03-31 07:30:00+00:00,2025-03-31 08:30:00+01:00,29.848329599752216
2025-03-31 08:00:00+00:00,2025-03-31 09:00:00+01:00,40.03681394488319
2025-03-31 08:30:00+00:00,2025-03-31 09:30:00+01:00,47.80997898531506
2025-03-31 09:00:00+00:00,2025-03-31 10:00:00+01:00,52.68369865072565
2025-03-31 09:30:00+00:00,2025-03-31 10:30:00+01:00,58.991180682475026
2025-03-31 10:00:00+00:00,2025-03-31 11:00:00+01:00,63.43990439524953
2025-03-31 10:30:00+00:00,2025-03-31 11:30:00+01:00,63.11756612759734
2025-03-31 11:00:00+00:00,2025-03-31 12:00:00+01:00,63.31854887539896
2025-03-31 11:30:00+00:00,2025-03-31 12:30:00+01:00,63.54248576269628
2025-03-31 12:00:00+00:00,2025-03-31 13:00:00+01:00,68.59762668845485
2025-03-31 12:30:00+00:00,2025-03-31 13:30:00+01:00,67.62294037180732
2025-03-31 13:00:00+00:00,2025-03-31 14:00:00+01:00,64.02307661589884
2025-03-31 13:30:00+00:00,2025-03-31 14:30:00+01:00,58.75116604267304
2025-03-31 14:00:00+00:00,2025-03-31 15:00:00+01:00,55.80094017835313
2025-03-31 14:30:00+00:00,2025-03-31 15:30:00+01:00,61.182747263890626
2025-03-31 15:00:00+00:00,2025-03-31 16:00:00+01:00,48.661100375016645
2025-03-31 15:30:00+00:00,2025-03-31 16:30:00+01:00,41.426323815074504
2025-03-31 16:00:00+00:00,2025-03-31 17:00:00+01:00,33.37640439098072
2025-03-31 16:30:00+00:00,2025-03-31 17:30:00+01:00,22.867909398764937
2025-03-31 17:00:00+00:00,2025-03-31 18:00:00+01:00,12.237274843145425
2025-03-31 17:30:00+00:00,2025-03-31 18:30:00+01:00,3.4458309749894593
2025-03-31 18:00:00+00:00,2025-03-31 19:00:00+01:00,1.9070616703872916
2025-03-31 18:30:00+00:00,2025-03-31 19:30:00+01:00,0.8305088531491635
2025-03-31 19:00:00+00:00,2025-03-31 20:00:00+01:00,0.0
2025-03-31 19:30:00+00:00,2025-03-31 20:30:00+01:00,0.0
2025-03-31 20:00:00+00:00,2025-03-31 21:00:00+01:00,0.0
2025-03-31 20:30:00+00:00,2025-03-31 21:30:00+01:00,0.0
2025-03-31 21:00:00+00:00,2025-03-31 22:00:00+01:00,0.0
2025-03-31 21:30:00+00:00,2025-03-31 22:30:00+01:00,0.0
2025-03-31 22:00:00+00:00,2025-03-31 23:00:00+01:00,0.0
2025-03-31 22:30:00+00:00,2025-03-31 23:30:00+01:00,0.0
