spUTCTime,spClockTime,price
2025-03-01 00:00:00+00:00,2025-03-01 00:00:00+00:00,9.553
2025-03-01 00:30:00+00:00,2025-03-01 00:30:00+00:00,7.75
2025-03-01 01:00:00+00:00,2025-03-01 01:00:00+00:00,9.488
2025-03-01 01:30:00+00:00,2025-03-01 01:30:00+00:00,8.804
2025-03-01 02:00:00+00:00,2025-03-01 02:00:00+00:00,8.844
2025-03-01 02:30:00+00:00,2025-03-01 02:30:00+00:00,8.998000000000001
2025-03-01 03:00:00+00:00,2025-03-01 03:00:00+00:00,9.02
2025-03-01 03:30:00+00:00,2025-03-01 03:30:00+00:00,8.576
2025-03-01 04:00:00+00:00,2025-03-01 04:00:00+00:00,11.0
2025-03-01 04:30:00+00:00,2025-03-01 04:30:00+00:00,11.0
2025-03-01 05:00:00+00:00,2025-03-01 05:00:00+00:00,9.815000000000001
2025-03-01 05:30:00+00:00,2025-03-01 05:30:00+00:00,11.1
2025-03-01 06:00:00+00:00,2025-03-01 06:00:00+00:00,10.8
2025-03-01 06:30:00+00:00,2025-03-01 06:30:00+00:00,10.8
2025-03-01 07:00:00+00:00,2025-03-01 07:00:00+00:00,7.5
2025-03-01 07:30:00+00:00,2025-03-01 07:30:00+00:00,7.7459999999999996
2025-03-01 08:00:00+00:00,2025-03-01 08:00:00+00:00,11.8
2025-03-01 08:30:00+00:00,2025-03-01 08:30:00+00:00,7.953
2025-03-01 09:00:00+00:00,2025-03-01 09:00:00+00:00,7.955
2025-03-01 09:30:00+00:00,2025-03-01 09:30:00+00:00,4.667197139627145
2025-03-01 10:00:00+00:00,2025-03-01 10:00:00+00:00,7.959999999999999
2025-03-01 10:30:00+00:00,2025-03-01 10:30:00+00:00,7.092080442463494
2025-03-01 11:00:00+00:00,2025-03-01 11:00:00+00:00,7.959999999999999
2025-03-01 11:30:00+00:00,2025-03-01 11:30:00+00:00,7.906000000000001
2025-03-01 12:00:00+00:00,2025-03-01 12:00:00+00:00,1.4849999999999999
2025-03-01 12:30:00+00:00,2025-03-01 12:30:00+00:00,7.1
2025-03-01 13:00:00+00:00,2025-03-01 13:00:00+00:00,7.956
2025-03-01 13:30:00+00:00,2025-03-01 13:30:00+00:00,10.7
2025-03-01 14:00:00+00:00,2025-03-01 14:00:00+00:00,7.95
2025-03-01 14:30:00+00:00,2025-03-01 14:30:00+00:00,10.5
2025-03-01 15:00:00+00:00,2025-03-01 15:00:00+00:00,7.709999999999999
2025-03-01 15:30:00+00:00,2025-03-01 15:30:00+00:00,6.486
2025-03-01 16:00:00+00:00,2025-03-01 16:00:00+00:00,7.955
2025-03-01 16:30:00+00:00,2025-03-01 16:30:00+00:00,11.244
2025-03-01 17:00:00+00:00,2025-03-01 17:00:00+00:00,7.965999999999999
2025-03-01 17:30:00+00:00,2025-03-01 17:30:00+00:00,13.694999999999999
2025-03-01 18:00:00+00:00,2025-03-01 18:00:00+00:00,13.694999999999999
2025-03-01 18:30:00+00:00,2025-03-01 18:30:00+00:00,13.75
2025-03-01 19:00:00+00:00,2025-03-01 19:00:00+00:00,13.75
2025-03-01 19:30:00+00:00,2025-03-01 19:30:00+00:00,8.955
2025-03-01 20:00:00+00:00,2025-03-01 20:00:00+00:00,8.521615356557394
2025-03-01 20:30:00+00:00,2025-03-01 20:30:00+00:00,7.9799999999999995
2025-03-01 21:00:00+00:00,2025-03-01 21:00:00+00:00,7.968000000000001
2025-03-01 21:30:00+00:00,2025-03-01 21:30:00+00:00,7.968000000000001
2025-03-01 22:00:00+00:00,2025-03-01 22:00:00+00:00,10.279
2025-03-01 22:30:00+00:00,2025-03-01 22:30:00+00:00,9.972
2025-03-01 23:00:00+00:00,2025-03-01 23:00:00+00:00,11.0
2025-03-01 23:30:00+00:00,2025-03-01 23:30:00+00:00,11.190000000000001
2025-03-02 00:00:00+00:00,2025-03-02 00:00:00+00:00,11.190000000000001
2025-03-02 00:30:00+00:00,2025-03-02 00:30:00+00:00,11.190000000000001
2025-03-02 01:00:00+00:00,2025-03-02 01:00:00+00:00,11.190000000000001
2025-03-02 01:30:00+00:00,2025-03-02 01:30:00+00:00,11.190000000000001
2025-03-02 02:00:00+00:00,2025-03-02 02:00:00+00:00,11.190000000000001
2025-03-02 02:30:00+00:00,2025-03-02 02:30:00+00:00,10.99
2025-03-02 03:00:00+00:00,2025-03-02 03:00:00+00:00,11.18
2025-03-02 03:30:00+00:00,2025-03-02 03:30:00+00:00,11.18
2025-03-02 04:00:00+00:00,2025-03-02 04:00:00+00:00,11.18
2025-03-02 04:30:00+00:00,2025-03-02 04:30:00+00:00,11.18
2025-03-02 05:00:00+00:00,2025-03-02 05:00:00+00:00,11.18
2025-03-02 05:30:00+00:00,2025-03-02 05:30:00+00:00,11.18
2025-03-02 06:00:00+00:00,2025-03-02 06:00:00+00:00,11.18
2025-03-02 06:30:00+00:00,2025-03-02 06:30:00+00:00,11.895
2025-03-02 07:00:00+00:00,2025-03-02 07:00:00+00:00,11.7
2025-03-02 07:30:00+00:00,2025-03-02 07:30:00+00:00,11.7
2025-03-02 08:00:00+00:00,2025-03-02 08:00:00+00:00,7.5
2025-03-02 08:30:00+00:00,2025-03-02 08:30:00+00:00,7.906999999999999
2025-03-02 09:00:00+00:00,2025-03-02 09:00:00+00:00,11.7
2025-03-02 09:30:00+00:00,2025-03-02 09:30:00+00:00,7.6640503766120975
2025-03-02 10:00:00+00:00,2025-03-02 10:00:00+00:00,10.426
2025-03-02 10:30:00+00:00,2025-03-02 10:30:00+00:00,9.817
2025-03-02 11:00:00+00:00,2025-03-02 11:00:00+00:00,11.690000000000001
2025-03-02 11:30:00+00:00,2025-03-02 11:30:00+00:00,11.012
2025-03-02 12:00:00+00:00,2025-03-02 12:00:00+00:00,10.61
2025-03-02 12:30:00+00:00,2025-03-02 12:30:00+00:00,7.1
2025-03-02 13:00:00+00:00,2025-03-02 13:00:00+00:00,5.277881027789329
2025-03-02 13:30:00+00:00,2025-03-02 13:30:00+00:00,8.555
2025-03-02 14:00:00+00:00,2025-03-02 14:00:00+00:00,8.445
2025-03-02 14:30:00+00:00,2025-03-02 14:30:00+00:00,8.459
2025-03-02 15:00:00+00:00,2025-03-02 15:00:00+00:00,11.9
2025-03-02 15:30:00+00:00,2025-03-02 15:30:00+00:00,12.175
2025-03-02 16:00:00+00:00,2025-03-02 16:00:00+00:00,12.175
2025-03-02 16:30:00+00:00,2025-03-02 16:30:00+00:00,12.5
2025-03-02 17:00:00+00:00,2025-03-02 17:00:00+00:00,12.5
2025-03-02 17:30:00+00:00,2025-03-02 17:30:00+00:00,12.5
2025-03-02 18:00:00+00:00,2025-03-02 18:00:00+00:00,12.5
2025-03-02 18:30:00+00:00,2025-03-02 18:30:00+00:00,12.5
2025-03-02 19:00:00+00:00,2025-03-02 19:00:00+00:00,12.5
2025-03-02 19:30:00+00:00,2025-03-02 19:30:00+00:00,12.5
2025-03-02 20:00:00+00:00,2025-03-02 20:00:00+00:00,12.495000000000001
2025-03-02 20:30:00+00:00,2025-03-02 20:30:00+00:00,12.2
2025-03-02 21:00:00+00:00,2025-03-02 21:00:00+00:00,12.15
2025-03-02 21:30:00+00:00,2025-03-02 21:30:00+00:00,12.0
2025-03-02 22:00:00+00:00,2025-03-02 22:00:00+00:00,7.5
2025-03-02 22:30:00+00:00,2025-03-02 22:30:00+00:00,9.83
2025-03-02 23:00:00+00:00,2025-03-02 23:00:00+00:00,11.2
2025-03-02 23:30:00+00:00,2025-03-02 23:30:00+00:00,2.4472631133310996
2025-03-03 00:00:00+00:00,2025-03-03 00:00:00+00:00,8.792
2025-03-03 00:30:00+00:00,2025-03-03 00:30:00+00:00,11.2
2025-03-03 01:00:00+00:00,2025-03-03 01:00:00+00:00,11.190000000000001
2025-03-03 01:30:00+00:00,2025-03-03 01:30:00+00:00,11.190000000000001
2025-03-03 02:00:00+00:00,2025-03-03 02:00:00+00:00,11.190000000000001
2025-03-03 02:30:00+00:00,2025-03-03 02:30:00+00:00,11.190000000000001
2025-03-03 03:00:00+00:00,2025-03-03 03:00:00+00:00,11.190000000000001
2025-03-03 03:30:00+00:00,2025-03-03 03:30:00+00:00,0.0
2025-03-03 04:00:00+00:00,2025-03-03 04:00:00+00:00,7.0
2025-03-03 04:30:00+00:00,2025-03-03 04:30:00+00:00,11.190000000000001
2025-03-03 05:00:00+00:00,2025-03-03 05:00:00+00:00,11.5
2025-03-03 05:30:00+00:00,2025-03-03 05:30:00+00:00,11.45
2025-03-03 06:00:00+00:00,2025-03-03 06:00:00+00:00,7.834999999999999
2025-03-03 06:30:00+00:00,2025-03-03 06:30:00+00:00,11.45
2025-03-03 07:00:00+00:00,2025-03-03 07:00:00+00:00,11.9
2025-03-03 07:30:00+00:00,2025-03-03 07:30:00+00:00,11.9
2025-03-03 08:00:00+00:00,2025-03-03 08:00:00+00:00,6.435802245328283
2025-03-03 08:30:00+00:00,2025-03-03 08:30:00+00:00,-0.06999999999999999
2025-03-03 09:00:00+00:00,2025-03-03 09:00:00+00:00,11.638
2025-03-03 09:30:00+00:00,2025-03-03 09:30:00+00:00,9.296
2025-03-03 10:00:00+00:00,2025-03-03 10:00:00+00:00,7.100227610777546
2025-03-03 10:30:00+00:00,2025-03-03 10:30:00+00:00,8.0
2025-03-03 11:00:00+00:00,2025-03-03 11:00:00+00:00,8.5
2025-03-03 11:30:00+00:00,2025-03-03 11:30:00+00:00,5.292901498990855
2025-03-03 12:00:00+00:00,2025-03-03 12:00:00+00:00,8.02
2025-03-03 12:30:00+00:00,2025-03-03 12:30:00+00:00,7.138
2025-03-03 13:00:00+00:00,2025-03-03 13:00:00+00:00,8.0
2025-03-03 13:30:00+00:00,2025-03-03 13:30:00+00:00,8.0
2025-03-03 14:00:00+00:00,2025-03-03 14:00:00+00:00,6.906999999999999
2025-03-03 14:30:00+00:00,2025-03-03 14:30:00+00:00,6.984999999999999
2025-03-03 15:00:00+00:00,2025-03-03 15:00:00+00:00,8.484
2025-03-03 15:30:00+00:00,2025-03-03 15:30:00+00:00,8.597
2025-03-03 16:00:00+00:00,2025-03-03 16:00:00+00:00,8.961
2025-03-03 16:30:00+00:00,2025-03-03 16:30:00+00:00,13.959999999999999
2025-03-03 17:00:00+00:00,2025-03-03 17:00:00+00:00,14.456999999999999
2025-03-03 17:30:00+00:00,2025-03-03 17:30:00+00:00,15.4
2025-03-03 18:00:00+00:00,2025-03-03 18:00:00+00:00,15.3
2025-03-03 18:30:00+00:00,2025-03-03 18:30:00+00:00,14.89
2025-03-03 19:00:00+00:00,2025-03-03 19:00:00+00:00,8.0
2025-03-03 19:30:00+00:00,2025-03-03 19:30:00+00:00,8.02
2025-03-03 20:00:00+00:00,2025-03-03 20:00:00+00:00,6.874
2025-03-03 20:30:00+00:00,2025-03-03 20:30:00+00:00,9.120000000000001
2025-03-03 21:00:00+00:00,2025-03-03 21:00:00+00:00,9.473
2025-03-03 21:30:00+00:00,2025-03-03 21:30:00+00:00,7.2448597320747625
2025-03-03 22:00:00+00:00,2025-03-03 22:00:00+00:00,6.01
2025-03-03 22:30:00+00:00,2025-03-03 22:30:00+00:00,8.0
2025-03-03 23:00:00+00:00,2025-03-03 23:00:00+00:00,4.3229999999999995
2025-03-03 23:30:00+00:00,2025-03-03 23:30:00+00:00,5.769
2025-03-04 00:00:00+00:00,2025-03-04 00:00:00+00:00,5.658371408572007
2025-03-04 00:30:00+00:00,2025-03-04 00:30:00+00:00,10.9
2025-03-04 01:00:00+00:00,2025-03-04 01:00:00+00:00,10.9
2025-03-04 01:30:00+00:00,2025-03-04 01:30:00+00:00,8.004999999999999
2025-03-04 02:00:00+00:00,2025-03-04 02:00:00+00:00,8.0
2025-03-04 02:30:00+00:00,2025-03-04 02:30:00+00:00,7.662999999999999
2025-03-04 03:00:00+00:00,2025-03-04 03:00:00+00:00,2.654
2025-03-04 03:30:00+00:00,2025-03-04 03:30:00+00:00,7.698
2025-03-04 04:00:00+00:00,2025-03-04 04:00:00+00:00,10.7
2025-03-04 04:30:00+00:00,2025-03-04 04:30:00+00:00,7.2
2025-03-04 05:00:00+00:00,2025-03-04 05:00:00+00:00,10.675
2025-03-04 05:30:00+00:00,2025-03-04 05:30:00+00:00,10.879999999999999
2025-03-04 06:00:00+00:00,2025-03-04 06:00:00+00:00,12.8
2025-03-04 06:30:00+00:00,2025-03-04 06:30:00+00:00,12.8
2025-03-04 07:00:00+00:00,2025-03-04 07:00:00+00:00,12.45
2025-03-04 07:30:00+00:00,2025-03-04 07:30:00+00:00,12.45
2025-03-04 08:00:00+00:00,2025-03-04 08:00:00+00:00,-0.039
2025-03-04 08:30:00+00:00,2025-03-04 08:30:00+00:00,-0.039
2025-03-04 09:00:00+00:00,2025-03-04 09:00:00+00:00,-0.039
2025-03-04 09:30:00+00:00,2025-03-04 09:30:00+00:00,6.656999999999999
2025-03-04 10:00:00+00:00,2025-03-04 10:00:00+00:00,10.5
2025-03-04 10:30:00+00:00,2025-03-04 10:30:00+00:00,7.7909999999999995
2025-03-04 11:00:00+00:00,2025-03-04 11:00:00+00:00,5.604
2025-03-04 11:30:00+00:00,2025-03-04 11:30:00+00:00,5.214
2025-03-04 12:00:00+00:00,2025-03-04 12:00:00+00:00,4.921
2025-03-04 12:30:00+00:00,2025-03-04 12:30:00+00:00,2.4481330043180938
2025-03-04 13:00:00+00:00,2025-03-04 13:00:00+00:00,4.339
2025-03-04 13:30:00+00:00,2025-03-04 13:30:00+00:00,4.121
2025-03-04 14:00:00+00:00,2025-03-04 14:00:00+00:00,4.971
2025-03-04 14:30:00+00:00,2025-03-04 14:30:00+00:00,4.593
2025-03-04 15:00:00+00:00,2025-03-04 15:00:00+00:00,6.584999999999999
2025-03-04 15:30:00+00:00,2025-03-04 15:30:00+00:00,7.173
2025-03-04 16:00:00+00:00,2025-03-04 16:00:00+00:00,7.0
2025-03-04 16:30:00+00:00,2025-03-04 16:30:00+00:00,2.0
2025-03-04 17:00:00+00:00,2025-03-04 17:00:00+00:00,11.784502727594404
2025-03-04 17:30:00+00:00,2025-03-04 17:30:00+00:00,11.85
2025-03-04 18:00:00+00:00,2025-03-04 18:00:00+00:00,13.0
2025-03-04 18:30:00+00:00,2025-03-04 18:30:00+00:00,13.0
2025-03-04 19:00:00+00:00,2025-03-04 19:00:00+00:00,11.02
2025-03-04 19:30:00+00:00,2025-03-04 19:30:00+00:00,11.02
2025-03-04 20:00:00+00:00,2025-03-04 20:00:00+00:00,11.85
2025-03-04 20:30:00+00:00,2025-03-04 20:30:00+00:00,9.4
2025-03-04 21:00:00+00:00,2025-03-04 21:00:00+00:00,11.122843798075824
2025-03-04 21:30:00+00:00,2025-03-04 21:30:00+00:00,7.698
2025-03-04 22:00:00+00:00,2025-03-04 22:00:00+00:00,9.016
2025-03-04 22:30:00+00:00,2025-03-04 22:30:00+00:00,7.687
2025-03-04 23:00:00+00:00,2025-03-04 23:00:00+00:00,7.194
2025-03-04 23:30:00+00:00,2025-03-04 23:30:00+00:00,4.846
2025-03-05 00:00:00+00:00,2025-03-05 00:00:00+00:00,4.868
2025-03-05 00:30:00+00:00,2025-03-05 00:30:00+00:00,5.721
2025-03-05 01:00:00+00:00,2025-03-05 01:00:00+00:00,1.154974504545563
2025-03-05 01:30:00+00:00,2025-03-05 01:30:00+00:00,0.45253303863788874
2025-03-05 02:00:00+00:00,2025-03-05 02:00:00+00:00,4.458
2025-03-05 02:30:00+00:00,2025-03-05 02:30:00+00:00,3.979
2025-03-05 03:00:00+00:00,2025-03-05 03:00:00+00:00,3.526
2025-03-05 03:30:00+00:00,2025-03-05 03:30:00+00:00,3.098
2025-03-05 04:00:00+00:00,2025-03-05 04:00:00+00:00,4.928
2025-03-05 04:30:00+00:00,2025-03-05 04:30:00+00:00,4.885
2025-03-05 05:00:00+00:00,2025-03-05 05:00:00+00:00,10.04704347826087
2025-03-05 05:30:00+00:00,2025-03-05 05:30:00+00:00,10.290000000000001
2025-03-05 06:00:00+00:00,2025-03-05 06:00:00+00:00,10.9
2025-03-05 06:30:00+00:00,2025-03-05 06:30:00+00:00,11.379999999999999
2025-03-05 07:00:00+00:00,2025-03-05 07:00:00+00:00,11.379999999999999
2025-03-05 07:30:00+00:00,2025-03-05 07:30:00+00:00,12.2
2025-03-05 08:00:00+00:00,2025-03-05 08:00:00+00:00,12.1
2025-03-05 08:30:00+00:00,2025-03-05 08:30:00+00:00,11.8
2025-03-05 09:00:00+00:00,2025-03-05 09:00:00+00:00,11.379999999999999
2025-03-05 09:30:00+00:00,2025-03-05 09:30:00+00:00,10.8
2025-03-05 10:00:00+00:00,2025-03-05 10:00:00+00:00,5.523
2025-03-05 10:30:00+00:00,2025-03-05 10:30:00+00:00,4.599
2025-03-05 11:00:00+00:00,2025-03-05 11:00:00+00:00,3.62
2025-03-05 11:30:00+00:00,2025-03-05 11:30:00+00:00,0.355
2025-03-05 12:00:00+00:00,2025-03-05 12:00:00+00:00,1.925
2025-03-05 12:30:00+00:00,2025-03-05 12:30:00+00:00,-0.286
2025-03-05 13:00:00+00:00,2025-03-05 13:00:00+00:00,1.2890000000000001
2025-03-05 13:30:00+00:00,2025-03-05 13:30:00+00:00,1.332
2025-03-05 14:00:00+00:00,2025-03-05 14:00:00+00:00,2.784
2025-03-05 14:30:00+00:00,2025-03-05 14:30:00+00:00,2.978
2025-03-05 15:00:00+00:00,2025-03-05 15:00:00+00:00,5.737
2025-03-05 15:30:00+00:00,2025-03-05 15:30:00+00:00,5.1
2025-03-05 16:00:00+00:00,2025-03-05 16:00:00+00:00,8.9
2025-03-05 16:30:00+00:00,2025-03-05 16:30:00+00:00,6.0
2025-03-05 17:00:00+00:00,2025-03-05 17:00:00+00:00,11.138
2025-03-05 17:30:00+00:00,2025-03-05 17:30:00+00:00,11.971020408163266
2025-03-05 18:00:00+00:00,2025-03-05 18:00:00+00:00,13.0
2025-03-05 18:30:00+00:00,2025-03-05 18:30:00+00:00,13.5
2025-03-05 19:00:00+00:00,2025-03-05 19:00:00+00:00,10.629999999999999
2025-03-05 19:30:00+00:00,2025-03-05 19:30:00+00:00,7.3
2025-03-05 20:00:00+00:00,2025-03-05 20:00:00+00:00,7.2
2025-03-05 20:30:00+00:00,2025-03-05 20:30:00+00:00,7.2
2025-03-05 21:00:00+00:00,2025-03-05 21:00:00+00:00,8.855
2025-03-05 21:30:00+00:00,2025-03-05 21:30:00+00:00,11.1
2025-03-05 22:00:00+00:00,2025-03-05 22:00:00+00:00,8.506
2025-03-05 22:30:00+00:00,2025-03-05 22:30:00+00:00,7.109033209540608
2025-03-05 23:00:00+00:00,2025-03-05 23:00:00+00:00,1.0
2025-03-05 23:30:00+00:00,2025-03-05 23:30:00+00:00,7.077
2025-03-06 00:00:00+00:00,2025-03-06 00:00:00+00:00,6.160685763609719
2025-03-06 00:30:00+00:00,2025-03-06 00:30:00+00:00,9.8
2025-03-06 01:00:00+00:00,2025-03-06 01:00:00+00:00,9.8
2025-03-06 01:30:00+00:00,2025-03-06 01:30:00+00:00,10.3
2025-03-06 02:00:00+00:00,2025-03-06 02:00:00+00:00,8.238
2025-03-06 02:30:00+00:00,2025-03-06 02:30:00+00:00,10.3
2025-03-06 03:00:00+00:00,2025-03-06 03:00:00+00:00,10.3
2025-03-06 03:30:00+00:00,2025-03-06 03:30:00+00:00,10.75
2025-03-06 04:00:00+00:00,2025-03-06 04:00:00+00:00,10.72
2025-03-06 04:30:00+00:00,2025-03-06 04:30:00+00:00,10.77
2025-03-06 05:00:00+00:00,2025-03-06 05:00:00+00:00,12.0
2025-03-06 05:30:00+00:00,2025-03-06 05:30:00+00:00,12.0
2025-03-06 06:00:00+00:00,2025-03-06 06:00:00+00:00,12.0
2025-03-06 06:30:00+00:00,2025-03-06 06:30:00+00:00,14.0
2025-03-06 07:00:00+00:00,2025-03-06 07:00:00+00:00,14.0
2025-03-06 07:30:00+00:00,2025-03-06 07:30:00+00:00,14.0
2025-03-06 08:00:00+00:00,2025-03-06 08:00:00+00:00,14.0
2025-03-06 08:30:00+00:00,2025-03-06 08:30:00+00:00,12.0
2025-03-06 09:00:00+00:00,2025-03-06 09:00:00+00:00,11.9
2025-03-06 09:30:00+00:00,2025-03-06 09:30:00+00:00,11.9
2025-03-06 10:00:00+00:00,2025-03-06 10:00:00+00:00,10.3
2025-03-06 10:30:00+00:00,2025-03-06 10:30:00+00:00,10.3
2025-03-06 11:00:00+00:00,2025-03-06 11:00:00+00:00,10.3
2025-03-06 11:30:00+00:00,2025-03-06 11:30:00+00:00,2.771
2025-03-06 12:00:00+00:00,2025-03-06 12:00:00+00:00,6.089
2025-03-06 12:30:00+00:00,2025-03-06 12:30:00+00:00,5.3020000000000005
2025-03-06 13:00:00+00:00,2025-03-06 13:00:00+00:00,1.5577033937141374
2025-03-06 13:30:00+00:00,2025-03-06 13:30:00+00:00,3.9509999999999996
2025-03-06 14:00:00+00:00,2025-03-06 14:00:00+00:00,5.987
2025-03-06 14:30:00+00:00,2025-03-06 14:30:00+00:00,10.3
2025-03-06 15:00:00+00:00,2025-03-06 15:00:00+00:00,10.3
2025-03-06 15:30:00+00:00,2025-03-06 15:30:00+00:00,10.3
2025-03-06 16:00:00+00:00,2025-03-06 16:00:00+00:00,10.3
2025-03-06 16:30:00+00:00,2025-03-06 16:30:00+00:00,11.15
2025-03-06 17:00:00+00:00,2025-03-06 17:00:00+00:00,12.0
2025-03-06 17:30:00+00:00,2025-03-06 17:30:00+00:00,12.85
2025-03-06 18:00:00+00:00,2025-03-06 18:00:00+00:00,12.85
2025-03-06 18:30:00+00:00,2025-03-06 18:30:00+00:00,12.85
2025-03-06 19:00:00+00:00,2025-03-06 19:00:00+00:00,12.75
2025-03-06 19:30:00+00:00,2025-03-06 19:30:00+00:00,12.0
2025-03-06 20:00:00+00:00,2025-03-06 20:00:00+00:00,10.227
2025-03-06 20:30:00+00:00,2025-03-06 20:30:00+00:00,5.485343850103518
2025-03-06 21:00:00+00:00,2025-03-06 21:00:00+00:00,5.5649999999999995
2025-03-06 21:30:00+00:00,2025-03-06 21:30:00+00:00,4.062685767910027
2025-03-06 22:00:00+00:00,2025-03-06 22:00:00+00:00,7.0
2025-03-06 22:30:00+00:00,2025-03-06 22:30:00+00:00,1.0
2025-03-06 23:00:00+00:00,2025-03-06 23:00:00+00:00,4.0
2025-03-06 23:30:00+00:00,2025-03-06 23:30:00+00:00,2.68
2025-03-07 00:00:00+00:00,2025-03-07 00:00:00+00:00,-0.286
2025-03-07 00:30:00+00:00,2025-03-07 00:30:00+00:00,-0.039
2025-03-07 01:00:00+00:00,2025-03-07 01:00:00+00:00,6.55
2025-03-07 01:30:00+00:00,2025-03-07 01:30:00+00:00,6.4
2025-03-07 02:00:00+00:00,2025-03-07 02:00:00+00:00,6.4
2025-03-07 02:30:00+00:00,2025-03-07 02:30:00+00:00,3.496
2025-03-07 03:00:00+00:00,2025-03-07 03:00:00+00:00,9.49
2025-03-07 03:30:00+00:00,2025-03-07 03:30:00+00:00,9.49
2025-03-07 04:00:00+00:00,2025-03-07 04:00:00+00:00,6.8629999999999995
2025-03-07 04:30:00+00:00,2025-03-07 04:30:00+00:00,6.878
2025-03-07 05:00:00+00:00,2025-03-07 05:00:00+00:00,12.0
2025-03-07 05:30:00+00:00,2025-03-07 05:30:00+00:00,12.0
2025-03-07 06:00:00+00:00,2025-03-07 06:00:00+00:00,12.0
2025-03-07 06:30:00+00:00,2025-03-07 06:30:00+00:00,12.0
2025-03-07 07:00:00+00:00,2025-03-07 07:00:00+00:00,12.0
2025-03-07 07:30:00+00:00,2025-03-07 07:30:00+00:00,7.515000000000001
2025-03-07 08:00:00+00:00,2025-03-07 08:00:00+00:00,7.515000000000001
2025-03-07 08:30:00+00:00,2025-03-07 08:30:00+00:00,7.397
2025-03-07 09:00:00+00:00,2025-03-07 09:00:00+00:00,12.0
2025-03-07 09:30:00+00:00,2025-03-07 09:30:00+00:00,11.437671401522788
2025-03-07 10:00:00+00:00,2025-03-07 10:00:00+00:00,12.3
2025-03-07 10:30:00+00:00,2025-03-07 10:30:00+00:00,12.3
2025-03-07 11:00:00+00:00,2025-03-07 11:00:00+00:00,12.472
2025-03-07 11:30:00+00:00,2025-03-07 11:30:00+00:00,10.4
2025-03-07 12:00:00+00:00,2025-03-07 12:00:00+00:00,10.4
2025-03-07 12:30:00+00:00,2025-03-07 12:30:00+00:00,10.4
2025-03-07 13:00:00+00:00,2025-03-07 13:00:00+00:00,7.733
2025-03-07 13:30:00+00:00,2025-03-07 13:30:00+00:00,7.055
2025-03-07 14:00:00+00:00,2025-03-07 14:00:00+00:00,7.065
2025-03-07 14:30:00+00:00,2025-03-07 14:30:00+00:00,7.055
2025-03-07 15:00:00+00:00,2025-03-07 15:00:00+00:00,7.07
2025-03-07 15:30:00+00:00,2025-03-07 15:30:00+00:00,7.07
2025-03-07 16:00:00+00:00,2025-03-07 16:00:00+00:00,15.5
2025-03-07 16:30:00+00:00,2025-03-07 16:30:00+00:00,15.5
2025-03-07 17:00:00+00:00,2025-03-07 17:00:00+00:00,15.5
2025-03-07 17:30:00+00:00,2025-03-07 17:30:00+00:00,15.5
2025-03-07 18:00:00+00:00,2025-03-07 18:00:00+00:00,15.5
2025-03-07 18:30:00+00:00,2025-03-07 18:30:00+00:00,9.743
2025-03-07 19:00:00+00:00,2025-03-07 19:00:00+00:00,13.75
2025-03-07 19:30:00+00:00,2025-03-07 19:30:00+00:00,7.209999999999999
2025-03-07 20:00:00+00:00,2025-03-07 20:00:00+00:00,7.397
2025-03-07 20:30:00+00:00,2025-03-07 20:30:00+00:00,7.209999999999999
2025-03-07 21:00:00+00:00,2025-03-07 21:00:00+00:00,6.702
2025-03-07 21:30:00+00:00,2025-03-07 21:30:00+00:00,6.889089985076318
2025-03-07 22:00:00+00:00,2025-03-07 22:00:00+00:00,6.407377171502155
2025-03-07 22:30:00+00:00,2025-03-07 22:30:00+00:00,7.013
2025-03-07 23:00:00+00:00,2025-03-07 23:00:00+00:00,7.0
2025-03-07 23:30:00+00:00,2025-03-07 23:30:00+00:00,11.0
2025-03-08 00:00:00+00:00,2025-03-08 00:00:00+00:00,10.943160500615582
2025-03-08 00:30:00+00:00,2025-03-08 00:30:00+00:00,9.145999999999999
2025-03-08 01:00:00+00:00,2025-03-08 01:00:00+00:00,9.161
2025-03-08 01:30:00+00:00,2025-03-08 01:30:00+00:00,9.105
2025-03-08 02:00:00+00:00,2025-03-08 02:00:00+00:00,8.799
2025-03-08 02:30:00+00:00,2025-03-08 02:30:00+00:00,10.62080677891814
2025-03-08 03:00:00+00:00,2025-03-08 03:00:00+00:00,10.5
2025-03-08 03:30:00+00:00,2025-03-08 03:30:00+00:00,11.8
2025-03-08 04:00:00+00:00,2025-03-08 04:00:00+00:00,9.161
2025-03-08 04:30:00+00:00,2025-03-08 04:30:00+00:00,9.122
2025-03-08 05:00:00+00:00,2025-03-08 05:00:00+00:00,11.146009045528015
2025-03-08 05:30:00+00:00,2025-03-08 05:30:00+00:00,11.339
2025-03-08 06:00:00+00:00,2025-03-08 06:00:00+00:00,9.883
2025-03-08 06:30:00+00:00,2025-03-08 06:30:00+00:00,11.8
2025-03-08 07:00:00+00:00,2025-03-08 07:00:00+00:00,11.0
2025-03-08 07:30:00+00:00,2025-03-08 07:30:00+00:00,9.287
2025-03-08 08:00:00+00:00,2025-03-08 08:00:00+00:00,7.007
2025-03-08 08:30:00+00:00,2025-03-08 08:30:00+00:00,7.0
2025-03-08 09:00:00+00:00,2025-03-08 09:00:00+00:00,11.51
2025-03-08 09:30:00+00:00,2025-03-08 09:30:00+00:00,11.280464629439141
2025-03-08 10:00:00+00:00,2025-03-08 10:00:00+00:00,7.0
2025-03-08 10:30:00+00:00,2025-03-08 10:30:00+00:00,7.0
2025-03-08 11:00:00+00:00,2025-03-08 11:00:00+00:00,12.0
2025-03-08 11:30:00+00:00,2025-03-08 11:30:00+00:00,11.8
2025-03-08 12:00:00+00:00,2025-03-08 12:00:00+00:00,6.7
2025-03-08 12:30:00+00:00,2025-03-08 12:30:00+00:00,6.735244138012055
2025-03-08 13:00:00+00:00,2025-03-08 13:00:00+00:00,6.2
2025-03-08 13:30:00+00:00,2025-03-08 13:30:00+00:00,6.5
2025-03-08 14:00:00+00:00,2025-03-08 14:00:00+00:00,10.87150600020436
2025-03-08 14:30:00+00:00,2025-03-08 14:30:00+00:00,10.2
2025-03-08 15:00:00+00:00,2025-03-08 15:00:00+00:00,7.0
2025-03-08 15:30:00+00:00,2025-03-08 15:30:00+00:00,7.025
2025-03-08 16:00:00+00:00,2025-03-08 16:00:00+00:00,7.025
2025-03-08 16:30:00+00:00,2025-03-08 16:30:00+00:00,11.8
2025-03-08 17:00:00+00:00,2025-03-08 17:00:00+00:00,7.217358572557828
2025-03-08 17:30:00+00:00,2025-03-08 17:30:00+00:00,8.02
2025-03-08 18:00:00+00:00,2025-03-08 18:00:00+00:00,7.05
2025-03-08 18:30:00+00:00,2025-03-08 18:30:00+00:00,7.709999999999999
2025-03-08 19:00:00+00:00,2025-03-08 19:00:00+00:00,7.1
2025-03-08 19:30:00+00:00,2025-03-08 19:30:00+00:00,7.045
2025-03-08 20:00:00+00:00,2025-03-08 20:00:00+00:00,7.034999999999999
2025-03-08 20:30:00+00:00,2025-03-08 20:30:00+00:00,7.034999999999999
2025-03-08 21:00:00+00:00,2025-03-08 21:00:00+00:00,7.034999999999999
2025-03-08 21:30:00+00:00,2025-03-08 21:30:00+00:00,7.0
2025-03-08 22:00:00+00:00,2025-03-08 22:00:00+00:00,7.020999999999999
2025-03-08 22:30:00+00:00,2025-03-08 22:30:00+00:00,7.022
2025-03-08 23:00:00+00:00,2025-03-08 23:00:00+00:00,7.029999999999999
2025-03-08 23:30:00+00:00,2025-03-08 23:30:00+00:00,7.05
2025-03-09 00:00:00+00:00,2025-03-09 00:00:00+00:00,9.984
2025-03-09 00:30:00+00:00,2025-03-09 00:30:00+00:00,11.8
2025-03-09 01:00:00+00:00,2025-03-09 01:00:00+00:00,10.8
2025-03-09 01:30:00+00:00,2025-03-09 01:30:00+00:00,10.8
2025-03-09 02:00:00+00:00,2025-03-09 02:00:00+00:00,11.8
2025-03-09 02:30:00+00:00,2025-03-09 02:30:00+00:00,7.0
2025-03-09 03:00:00+00:00,2025-03-09 03:00:00+00:00,6.7
2025-03-09 03:30:00+00:00,2025-03-09 03:30:00+00:00,6.7
2025-03-09 04:00:00+00:00,2025-03-09 04:00:00+00:00,10.8
2025-03-09 04:30:00+00:00,2025-03-09 04:30:00+00:00,8.486
2025-03-09 05:00:00+00:00,2025-03-09 05:00:00+00:00,8.551
2025-03-09 05:30:00+00:00,2025-03-09 05:30:00+00:00,9.172
2025-03-09 06:00:00+00:00,2025-03-09 06:00:00+00:00,13.8
2025-03-09 06:30:00+00:00,2025-03-09 06:30:00+00:00,10.8
2025-03-09 07:00:00+00:00,2025-03-09 07:00:00+00:00,10.115
2025-03-09 07:30:00+00:00,2025-03-09 07:30:00+00:00,10.089
2025-03-09 08:00:00+00:00,2025-03-09 08:00:00+00:00,10.328
2025-03-09 08:30:00+00:00,2025-03-09 08:30:00+00:00,10.086
2025-03-09 09:00:00+00:00,2025-03-09 09:00:00+00:00,9.893
2025-03-09 09:30:00+00:00,2025-03-09 09:30:00+00:00,9.785
2025-03-09 10:00:00+00:00,2025-03-09 10:00:00+00:00,9.736
2025-03-09 10:30:00+00:00,2025-03-09 10:30:00+00:00,7.306216385553886
2025-03-09 11:00:00+00:00,2025-03-09 11:00:00+00:00,7.0200000000000005
2025-03-09 11:30:00+00:00,2025-03-09 11:30:00+00:00,6.805
2025-03-09 12:00:00+00:00,2025-03-09 12:00:00+00:00,6.805
2025-03-09 12:30:00+00:00,2025-03-09 12:30:00+00:00,6.805
2025-03-09 13:00:00+00:00,2025-03-09 13:00:00+00:00,7.0200000000000005
2025-03-09 13:30:00+00:00,2025-03-09 13:30:00+00:00,7.0200000000000005
2025-03-09 14:00:00+00:00,2025-03-09 14:00:00+00:00,6.805
2025-03-09 14:30:00+00:00,2025-03-09 14:30:00+00:00,6.81
2025-03-09 15:00:00+00:00,2025-03-09 15:00:00+00:00,7.0200000000000005
2025-03-09 15:30:00+00:00,2025-03-09 15:30:00+00:00,7.025
2025-03-09 16:00:00+00:00,2025-03-09 16:00:00+00:00,7.034999999999999
2025-03-09 16:30:00+00:00,2025-03-09 16:30:00+00:00,12.4
2025-03-09 17:00:00+00:00,2025-03-09 17:00:00+00:00,7.3
2025-03-09 17:30:00+00:00,2025-03-09 17:30:00+00:00,8.645999999999999
2025-03-09 18:00:00+00:00,2025-03-09 18:00:00+00:00,8.376999999999999
2025-03-09 18:30:00+00:00,2025-03-09 18:30:00+00:00,12.4
2025-03-09 19:00:00+00:00,2025-03-09 19:00:00+00:00,12.4
2025-03-09 19:30:00+00:00,2025-03-09 19:30:00+00:00,7.3
2025-03-09 20:00:00+00:00,2025-03-09 20:00:00+00:00,12.4
2025-03-09 20:30:00+00:00,2025-03-09 20:30:00+00:00,12.4
2025-03-09 21:00:00+00:00,2025-03-09 21:00:00+00:00,10.254000000000001
2025-03-09 21:30:00+00:00,2025-03-09 21:30:00+00:00,7.35
2025-03-09 22:00:00+00:00,2025-03-09 22:00:00+00:00,6.4319999999999995
2025-03-09 22:30:00+00:00,2025-03-09 22:30:00+00:00,7.35
2025-03-09 23:00:00+00:00,2025-03-09 23:00:00+00:00,7.35
2025-03-09 23:30:00+00:00,2025-03-09 23:30:00+00:00,6.17941352363696
2025-03-10 00:00:00+00:00,2025-03-10 00:00:00+00:00,7.333260925665355
2025-03-10 00:30:00+00:00,2025-03-10 00:30:00+00:00,7.35
2025-03-10 01:00:00+00:00,2025-03-10 01:00:00+00:00,7.340443175540422
2025-03-10 01:30:00+00:00,2025-03-10 01:30:00+00:00,6.078090197391843
2025-03-10 02:00:00+00:00,2025-03-10 02:00:00+00:00,3.85
2025-03-10 02:30:00+00:00,2025-03-10 02:30:00+00:00,5.0
2025-03-10 03:00:00+00:00,2025-03-10 03:00:00+00:00,6.8
2025-03-10 03:30:00+00:00,2025-03-10 03:30:00+00:00,6.3
2025-03-10 04:00:00+00:00,2025-03-10 04:00:00+00:00,10.1
2025-03-10 04:30:00+00:00,2025-03-10 04:30:00+00:00,6.7
2025-03-10 05:00:00+00:00,2025-03-10 05:00:00+00:00,10.1
2025-03-10 05:30:00+00:00,2025-03-10 05:30:00+00:00,6.7
2025-03-10 06:00:00+00:00,2025-03-10 06:00:00+00:00,4.879
2025-03-10 06:30:00+00:00,2025-03-10 06:30:00+00:00,11.0
2025-03-10 07:00:00+00:00,2025-03-10 07:00:00+00:00,5.816158352695115
2025-03-10 07:30:00+00:00,2025-03-10 07:30:00+00:00,11.0
2025-03-10 08:00:00+00:00,2025-03-10 08:00:00+00:00,7.154999999999999
2025-03-10 08:30:00+00:00,2025-03-10 08:30:00+00:00,7.045
2025-03-10 09:00:00+00:00,2025-03-10 09:00:00+00:00,1.2
2025-03-10 09:30:00+00:00,2025-03-10 09:30:00+00:00,6.17
2025-03-10 10:00:00+00:00,2025-03-10 10:00:00+00:00,7.422
2025-03-10 10:30:00+00:00,2025-03-10 10:30:00+00:00,7.5
2025-03-10 11:00:00+00:00,2025-03-10 11:00:00+00:00,5.1
2025-03-10 11:30:00+00:00,2025-03-10 11:30:00+00:00,4.289404455676386
2025-03-10 12:00:00+00:00,2025-03-10 12:00:00+00:00,4.413
2025-03-10 12:30:00+00:00,2025-03-10 12:30:00+00:00,5.794562674248238
2025-03-10 13:00:00+00:00,2025-03-10 13:00:00+00:00,8.5
2025-03-10 13:30:00+00:00,2025-03-10 13:30:00+00:00,6.179
2025-03-10 14:00:00+00:00,2025-03-10 14:00:00+00:00,3.8299999999999996
2025-03-10 14:30:00+00:00,2025-03-10 14:30:00+00:00,8.5
2025-03-10 15:00:00+00:00,2025-03-10 15:00:00+00:00,7.939
2025-03-10 15:30:00+00:00,2025-03-10 15:30:00+00:00,7.873
2025-03-10 16:00:00+00:00,2025-03-10 16:00:00+00:00,7.99
2025-03-10 16:30:00+00:00,2025-03-10 16:30:00+00:00,7.9159999999999995
2025-03-10 17:00:00+00:00,2025-03-10 17:00:00+00:00,9.237
2025-03-10 17:30:00+00:00,2025-03-10 17:30:00+00:00,13.5
2025-03-10 18:00:00+00:00,2025-03-10 18:00:00+00:00,12.985020408163265
2025-03-10 18:30:00+00:00,2025-03-10 18:30:00+00:00,13.251
2025-03-10 19:00:00+00:00,2025-03-10 19:00:00+00:00,6.8
2025-03-10 19:30:00+00:00,2025-03-10 19:30:00+00:00,6.614
2025-03-10 20:00:00+00:00,2025-03-10 20:00:00+00:00,7.125
2025-03-10 20:30:00+00:00,2025-03-10 20:30:00+00:00,9.454
2025-03-10 21:00:00+00:00,2025-03-10 21:00:00+00:00,10.6
2025-03-10 21:30:00+00:00,2025-03-10 21:30:00+00:00,10.5
2025-03-10 22:00:00+00:00,2025-03-10 22:00:00+00:00,7.125
2025-03-10 22:30:00+00:00,2025-03-10 22:30:00+00:00,10.5
2025-03-10 23:00:00+00:00,2025-03-10 23:00:00+00:00,7.7
2025-03-10 23:30:00+00:00,2025-03-10 23:30:00+00:00,7.125
2025-03-11 00:00:00+00:00,2025-03-11 00:00:00+00:00,7.1
2025-03-11 00:30:00+00:00,2025-03-11 00:30:00+00:00,7.120097350133132
2025-03-11 01:00:00+00:00,2025-03-11 01:00:00+00:00,7.125
2025-03-11 01:30:00+00:00,2025-03-11 01:30:00+00:00,7.0
2025-03-11 02:00:00+00:00,2025-03-11 02:00:00+00:00,9.98
2025-03-11 02:30:00+00:00,2025-03-11 02:30:00+00:00,9.98
2025-03-11 03:00:00+00:00,2025-03-11 03:00:00+00:00,9.98
2025-03-11 03:30:00+00:00,2025-03-11 03:30:00+00:00,7.845000000000001
2025-03-11 04:00:00+00:00,2025-03-11 04:00:00+00:00,8.0
2025-03-11 04:30:00+00:00,2025-03-11 04:30:00+00:00,6.419
2025-03-11 05:00:00+00:00,2025-03-11 05:00:00+00:00,7.109999999999999
2025-03-11 05:30:00+00:00,2025-03-11 05:30:00+00:00,7.05
2025-03-11 06:00:00+00:00,2025-03-11 06:00:00+00:00,7.05
2025-03-11 06:30:00+00:00,2025-03-11 06:30:00+00:00,7.125
2025-03-11 07:00:00+00:00,2025-03-11 07:00:00+00:00,11.875
2025-03-11 07:30:00+00:00,2025-03-11 07:30:00+00:00,11.49
2025-03-11 08:00:00+00:00,2025-03-11 08:00:00+00:00,6.933
2025-03-11 08:30:00+00:00,2025-03-11 08:30:00+00:00,6.266
2025-03-11 09:00:00+00:00,2025-03-11 09:00:00+00:00,7.325
2025-03-11 09:30:00+00:00,2025-03-11 09:30:00+00:00,5.041956498922224
2025-03-11 10:00:00+00:00,2025-03-11 10:00:00+00:00,7.3
2025-03-11 10:30:00+00:00,2025-03-11 10:30:00+00:00,6.5
2025-03-11 11:00:00+00:00,2025-03-11 11:00:00+00:00,6.5
2025-03-11 11:30:00+00:00,2025-03-11 11:30:00+00:00,6.5
2025-03-11 12:00:00+00:00,2025-03-11 12:00:00+00:00,7.275
2025-03-11 12:30:00+00:00,2025-03-11 12:30:00+00:00,7.33
2025-03-11 13:00:00+00:00,2025-03-11 13:00:00+00:00,7.33
2025-03-11 13:30:00+00:00,2025-03-11 13:30:00+00:00,10.49
2025-03-11 14:00:00+00:00,2025-03-11 14:00:00+00:00,10.6
2025-03-11 14:30:00+00:00,2025-03-11 14:30:00+00:00,8.209
2025-03-11 15:00:00+00:00,2025-03-11 15:00:00+00:00,9.464
2025-03-11 15:30:00+00:00,2025-03-11 15:30:00+00:00,6.9799999999999995
2025-03-11 16:00:00+00:00,2025-03-11 16:00:00+00:00,3.96
2025-03-11 16:30:00+00:00,2025-03-11 16:30:00+00:00,4.0
2025-03-11 17:00:00+00:00,2025-03-11 17:00:00+00:00,8.0
2025-03-11 17:30:00+00:00,2025-03-11 17:30:00+00:00,11.071
2025-03-11 18:00:00+00:00,2025-03-11 18:00:00+00:00,13.6
2025-03-11 18:30:00+00:00,2025-03-11 18:30:00+00:00,13.8
2025-03-11 19:00:00+00:00,2025-03-11 19:00:00+00:00,12.4
2025-03-11 19:30:00+00:00,2025-03-11 19:30:00+00:00,12.4
2025-03-11 20:00:00+00:00,2025-03-11 20:00:00+00:00,11.384
2025-03-11 20:30:00+00:00,2025-03-11 20:30:00+00:00,11.151
2025-03-11 21:00:00+00:00,2025-03-11 21:00:00+00:00,9.192
2025-03-11 21:30:00+00:00,2025-03-11 21:30:00+00:00,9.562000000000001
2025-03-11 22:00:00+00:00,2025-03-11 22:00:00+00:00,11.25
2025-03-11 22:30:00+00:00,2025-03-11 22:30:00+00:00,10.34
2025-03-11 23:00:00+00:00,2025-03-11 23:00:00+00:00,6.8
2025-03-11 23:30:00+00:00,2025-03-11 23:30:00+00:00,6.8
2025-03-12 00:00:00+00:00,2025-03-12 00:00:00+00:00,7.9510000000000005
2025-03-12 00:30:00+00:00,2025-03-12 00:30:00+00:00,8.106
2025-03-12 01:00:00+00:00,2025-03-12 01:00:00+00:00,8.547
2025-03-12 01:30:00+00:00,2025-03-12 01:30:00+00:00,7.7
2025-03-12 02:00:00+00:00,2025-03-12 02:00:00+00:00,7.891
2025-03-12 02:30:00+00:00,2025-03-12 02:30:00+00:00,8.041
2025-03-12 03:00:00+00:00,2025-03-12 03:00:00+00:00,8.251999999999999
2025-03-12 03:30:00+00:00,2025-03-12 03:30:00+00:00,7.563
2025-03-12 04:00:00+00:00,2025-03-12 04:00:00+00:00,10.925
2025-03-12 04:30:00+00:00,2025-03-12 04:30:00+00:00,8.388
2025-03-12 05:00:00+00:00,2025-03-12 05:00:00+00:00,7.7
2025-03-12 05:30:00+00:00,2025-03-12 05:30:00+00:00,7.7
2025-03-12 06:00:00+00:00,2025-03-12 06:00:00+00:00,7.709999999999999
2025-03-12 06:30:00+00:00,2025-03-12 06:30:00+00:00,7.709999999999999
2025-03-12 07:00:00+00:00,2025-03-12 07:00:00+00:00,10.407
2025-03-12 07:30:00+00:00,2025-03-12 07:30:00+00:00,11.9
2025-03-12 08:00:00+00:00,2025-03-12 08:00:00+00:00,11.9
2025-03-12 08:30:00+00:00,2025-03-12 08:30:00+00:00,11.9
2025-03-12 09:00:00+00:00,2025-03-12 09:00:00+00:00,11.860980166973187
2025-03-12 09:30:00+00:00,2025-03-12 09:30:00+00:00,7.175
2025-03-12 10:00:00+00:00,2025-03-12 10:00:00+00:00,6.6098696883909
2025-03-12 10:30:00+00:00,2025-03-12 10:30:00+00:00,7.709999999999999
2025-03-12 11:00:00+00:00,2025-03-12 11:00:00+00:00,10.8
2025-03-12 11:30:00+00:00,2025-03-12 11:30:00+00:00,10.8
2025-03-12 12:00:00+00:00,2025-03-12 12:00:00+00:00,7.709999999999999
2025-03-12 12:30:00+00:00,2025-03-12 12:30:00+00:00,10.8
2025-03-12 13:00:00+00:00,2025-03-12 13:00:00+00:00,10.8
2025-03-12 13:30:00+00:00,2025-03-12 13:30:00+00:00,10.8
2025-03-12 14:00:00+00:00,2025-03-12 14:00:00+00:00,10.8
2025-03-12 14:30:00+00:00,2025-03-12 14:30:00+00:00,7.720000000000001
2025-03-12 15:00:00+00:00,2025-03-12 15:00:00+00:00,7.725
2025-03-12 15:30:00+00:00,2025-03-12 15:30:00+00:00,7.725
2025-03-12 16:00:00+00:00,2025-03-12 16:00:00+00:00,9.5
2025-03-12 16:30:00+00:00,2025-03-12 16:30:00+00:00,9.5
2025-03-12 17:00:00+00:00,2025-03-12 17:00:00+00:00,4.5
2025-03-12 17:30:00+00:00,2025-03-12 17:30:00+00:00,7.8
2025-03-12 18:00:00+00:00,2025-03-12 18:00:00+00:00,7.9
2025-03-12 18:30:00+00:00,2025-03-12 18:30:00+00:00,11.8
2025-03-12 19:00:00+00:00,2025-03-12 19:00:00+00:00,14.334994923857868
2025-03-12 19:30:00+00:00,2025-03-12 19:30:00+00:00,8.17
2025-03-12 20:00:00+00:00,2025-03-12 20:00:00+00:00,7.1
2025-03-12 20:30:00+00:00,2025-03-12 20:30:00+00:00,7.926
2025-03-12 21:00:00+00:00,2025-03-12 21:00:00+00:00,7.705663147526016
2025-03-12 21:30:00+00:00,2025-03-12 21:30:00+00:00,7.8
2025-03-12 22:00:00+00:00,2025-03-12 22:00:00+00:00,7.8
2025-03-12 22:30:00+00:00,2025-03-12 22:30:00+00:00,7.8
2025-03-12 23:00:00+00:00,2025-03-12 23:00:00+00:00,7.8
2025-03-12 23:30:00+00:00,2025-03-12 23:30:00+00:00,6.57401436053816
2025-03-13 00:00:00+00:00,2025-03-13 00:00:00+00:00,8.11
2025-03-13 00:30:00+00:00,2025-03-13 00:30:00+00:00,7.8
2025-03-13 01:00:00+00:00,2025-03-13 01:00:00+00:00,4.2299999999999995
2025-03-13 01:30:00+00:00,2025-03-13 01:30:00+00:00,6.973999999999999
2025-03-13 02:00:00+00:00,2025-03-13 02:00:00+00:00,7.1
2025-03-13 02:30:00+00:00,2025-03-13 02:30:00+00:00,7.2
2025-03-13 03:00:00+00:00,2025-03-13 03:00:00+00:00,7.801
2025-03-13 03:30:00+00:00,2025-03-13 03:30:00+00:00,7.891
2025-03-13 04:00:00+00:00,2025-03-13 04:00:00+00:00,8.352
2025-03-13 04:30:00+00:00,2025-03-13 04:30:00+00:00,8.013968434813059
2025-03-13 05:00:00+00:00,2025-03-13 05:00:00+00:00,6.9
2025-03-13 05:30:00+00:00,2025-03-13 05:30:00+00:00,6.9
2025-03-13 06:00:00+00:00,2025-03-13 06:00:00+00:00,13.102
2025-03-13 06:30:00+00:00,2025-03-13 06:30:00+00:00,13.216999999999999
2025-03-13 07:00:00+00:00,2025-03-13 07:00:00+00:00,13.743
2025-03-13 07:30:00+00:00,2025-03-13 07:30:00+00:00,13.578
2025-03-13 08:00:00+00:00,2025-03-13 08:00:00+00:00,7.75
2025-03-13 08:30:00+00:00,2025-03-13 08:30:00+00:00,7.82
2025-03-13 09:00:00+00:00,2025-03-13 09:00:00+00:00,7.802
2025-03-13 09:30:00+00:00,2025-03-13 09:30:00+00:00,7.802
2025-03-13 10:00:00+00:00,2025-03-13 10:00:00+00:00,7.82
2025-03-13 10:30:00+00:00,2025-03-13 10:30:00+00:00,7.82
2025-03-13 11:00:00+00:00,2025-03-13 11:00:00+00:00,7.82
2025-03-13 11:30:00+00:00,2025-03-13 11:30:00+00:00,7.912000000000001
2025-03-13 12:00:00+00:00,2025-03-13 12:00:00+00:00,7.912000000000001
2025-03-13 12:30:00+00:00,2025-03-13 12:30:00+00:00,7.915000000000001
2025-03-13 13:00:00+00:00,2025-03-13 13:00:00+00:00,7.915000000000001
2025-03-13 13:30:00+00:00,2025-03-13 13:30:00+00:00,7.915000000000001
2025-03-13 14:00:00+00:00,2025-03-13 14:00:00+00:00,7.915000000000001
2025-03-13 14:30:00+00:00,2025-03-13 14:30:00+00:00,7.915000000000001
2025-03-13 15:00:00+00:00,2025-03-13 15:00:00+00:00,7.917
2025-03-13 15:30:00+00:00,2025-03-13 15:30:00+00:00,7.917
2025-03-13 16:00:00+00:00,2025-03-13 16:00:00+00:00,8.0
2025-03-13 16:30:00+00:00,2025-03-13 16:30:00+00:00,12.863
2025-03-13 17:00:00+00:00,2025-03-13 17:00:00+00:00,9.0
2025-03-13 17:30:00+00:00,2025-03-13 17:30:00+00:00,17.4
2025-03-13 18:00:00+00:00,2025-03-13 18:00:00+00:00,17.4
2025-03-13 18:30:00+00:00,2025-03-13 18:30:00+00:00,17.4
2025-03-13 19:00:00+00:00,2025-03-13 19:00:00+00:00,15.380534214153405
2025-03-13 19:30:00+00:00,2025-03-13 19:30:00+00:00,17.4
2025-03-13 20:00:00+00:00,2025-03-13 20:00:00+00:00,14.5
2025-03-13 20:30:00+00:00,2025-03-13 20:30:00+00:00,8.154322491050157
2025-03-13 21:00:00+00:00,2025-03-13 21:00:00+00:00,8.919
2025-03-13 21:30:00+00:00,2025-03-13 21:30:00+00:00,7.915000000000001
2025-03-13 22:00:00+00:00,2025-03-13 22:00:00+00:00,7.825
2025-03-13 22:30:00+00:00,2025-03-13 22:30:00+00:00,7.825
2025-03-13 23:00:00+00:00,2025-03-13 23:00:00+00:00,10.49
2025-03-13 23:30:00+00:00,2025-03-13 23:30:00+00:00,7.85
2025-03-14 00:00:00+00:00,2025-03-14 00:00:00+00:00,10.49
2025-03-14 00:30:00+00:00,2025-03-14 00:30:00+00:00,10.49
2025-03-14 01:00:00+00:00,2025-03-14 01:00:00+00:00,8.0
2025-03-14 01:30:00+00:00,2025-03-14 01:30:00+00:00,8.376000000000001
2025-03-14 02:00:00+00:00,2025-03-14 02:00:00+00:00,10.49
2025-03-14 02:30:00+00:00,2025-03-14 02:30:00+00:00,10.49
2025-03-14 03:00:00+00:00,2025-03-14 03:00:00+00:00,7.85
2025-03-14 03:30:00+00:00,2025-03-14 03:30:00+00:00,7.85
2025-03-14 04:00:00+00:00,2025-03-14 04:00:00+00:00,10.49
2025-03-14 04:30:00+00:00,2025-03-14 04:30:00+00:00,7.85
2025-03-14 05:00:00+00:00,2025-03-14 05:00:00+00:00,11.65900680272109
2025-03-14 05:30:00+00:00,2025-03-14 05:30:00+00:00,11.404
2025-03-14 06:00:00+00:00,2025-03-14 06:00:00+00:00,8.0
2025-03-14 06:30:00+00:00,2025-03-14 06:30:00+00:00,13.247002898550724
2025-03-14 07:00:00+00:00,2025-03-14 07:00:00+00:00,12.0
2025-03-14 07:30:00+00:00,2025-03-14 07:30:00+00:00,13.328999999999999
2025-03-14 08:00:00+00:00,2025-03-14 08:00:00+00:00,12.277016393442624
2025-03-14 08:30:00+00:00,2025-03-14 08:30:00+00:00,12.73
2025-03-14 09:00:00+00:00,2025-03-14 09:00:00+00:00,13.7
2025-03-14 09:30:00+00:00,2025-03-14 09:30:00+00:00,12.725
2025-03-14 10:00:00+00:00,2025-03-14 10:00:00+00:00,11.4
2025-03-14 10:30:00+00:00,2025-03-14 10:30:00+00:00,7.76
2025-03-14 11:00:00+00:00,2025-03-14 11:00:00+00:00,7.822
2025-03-14 11:30:00+00:00,2025-03-14 11:30:00+00:00,7.85
2025-03-14 12:00:00+00:00,2025-03-14 12:00:00+00:00,7.859999999999999
2025-03-14 12:30:00+00:00,2025-03-14 12:30:00+00:00,10.8
2025-03-14 13:00:00+00:00,2025-03-14 13:00:00+00:00,7.9361080584494434
2025-03-14 13:30:00+00:00,2025-03-14 13:30:00+00:00,7.859999999999999
2025-03-14 14:00:00+00:00,2025-03-14 14:00:00+00:00,7.95
2025-03-14 14:30:00+00:00,2025-03-14 14:30:00+00:00,7.901000000000001
2025-03-14 15:00:00+00:00,2025-03-14 15:00:00+00:00,13.0
2025-03-14 15:30:00+00:00,2025-03-14 15:30:00+00:00,13.158000000000001
2025-03-14 16:00:00+00:00,2025-03-14 16:00:00+00:00,7.859999999999999
2025-03-14 16:30:00+00:00,2025-03-14 16:30:00+00:00,18.0
2025-03-14 17:00:00+00:00,2025-03-14 17:00:00+00:00,13.518370515630059
2025-03-14 17:30:00+00:00,2025-03-14 17:30:00+00:00,7.95
2025-03-14 18:00:00+00:00,2025-03-14 18:00:00+00:00,15.25
2025-03-14 18:30:00+00:00,2025-03-14 18:30:00+00:00,9.783094960689356
2025-03-14 19:00:00+00:00,2025-03-14 19:00:00+00:00,15.25
2025-03-14 19:30:00+00:00,2025-03-14 19:30:00+00:00,15.25
2025-03-14 20:00:00+00:00,2025-03-14 20:00:00+00:00,8.0
2025-03-14 20:30:00+00:00,2025-03-14 20:30:00+00:00,8.0
2025-03-14 21:00:00+00:00,2025-03-14 21:00:00+00:00,15.25
2025-03-14 21:30:00+00:00,2025-03-14 21:30:00+00:00,7.904999999999999
2025-03-14 22:00:00+00:00,2025-03-14 22:00:00+00:00,8.0
2025-03-14 22:30:00+00:00,2025-03-14 22:30:00+00:00,7.904999999999999
2025-03-14 23:00:00+00:00,2025-03-14 23:00:00+00:00,7.904999999999999
2025-03-14 23:30:00+00:00,2025-03-14 23:30:00+00:00,7.904999999999999
2025-03-15 00:00:00+00:00,2025-03-15 00:00:00+00:00,12.44458988299158
2025-03-15 00:30:00+00:00,2025-03-15 00:30:00+00:00,11.4
2025-03-15 01:00:00+00:00,2025-03-15 01:00:00+00:00,11.4
2025-03-15 01:30:00+00:00,2025-03-15 01:30:00+00:00,7.904999999999999
2025-03-15 02:00:00+00:00,2025-03-15 02:00:00+00:00,7.904999999999999
2025-03-15 02:30:00+00:00,2025-03-15 02:30:00+00:00,7.904999999999999
2025-03-15 03:00:00+00:00,2025-03-15 03:00:00+00:00,7.904999999999999
2025-03-15 03:30:00+00:00,2025-03-15 03:30:00+00:00,7.904999999999999
2025-03-15 04:00:00+00:00,2025-03-15 04:00:00+00:00,7.904999999999999
2025-03-15 04:30:00+00:00,2025-03-15 04:30:00+00:00,7.904999999999999
2025-03-15 05:00:00+00:00,2025-03-15 05:00:00+00:00,10.7
2025-03-15 05:30:00+00:00,2025-03-15 05:30:00+00:00,11.4
2025-03-15 06:00:00+00:00,2025-03-15 06:00:00+00:00,7.904999999999999
2025-03-15 06:30:00+00:00,2025-03-15 06:30:00+00:00,8.112
2025-03-15 07:00:00+00:00,2025-03-15 07:00:00+00:00,7.904999999999999
2025-03-15 07:30:00+00:00,2025-03-15 07:30:00+00:00,7.904999999999999
2025-03-15 08:00:00+00:00,2025-03-15 08:00:00+00:00,7.904999999999999
2025-03-15 08:30:00+00:00,2025-03-15 08:30:00+00:00,7.904999999999999
2025-03-15 09:00:00+00:00,2025-03-15 09:00:00+00:00,7.861
2025-03-15 09:30:00+00:00,2025-03-15 09:30:00+00:00,7.861
2025-03-15 10:00:00+00:00,2025-03-15 10:00:00+00:00,7.861
2025-03-15 10:30:00+00:00,2025-03-15 10:30:00+00:00,7.87
2025-03-15 11:00:00+00:00,2025-03-15 11:00:00+00:00,7.865
2025-03-15 11:30:00+00:00,2025-03-15 11:30:00+00:00,7.865376284248143
2025-03-15 12:00:00+00:00,2025-03-15 12:00:00+00:00,7.876
2025-03-15 12:30:00+00:00,2025-03-15 12:30:00+00:00,7.876
2025-03-15 13:00:00+00:00,2025-03-15 13:00:00+00:00,7.619
2025-03-15 13:30:00+00:00,2025-03-15 13:30:00+00:00,7.519
2025-03-15 14:00:00+00:00,2025-03-15 14:00:00+00:00,7.303
2025-03-15 14:30:00+00:00,2025-03-15 14:30:00+00:00,7.85
2025-03-15 15:00:00+00:00,2025-03-15 15:00:00+00:00,7.85
2025-03-15 15:30:00+00:00,2025-03-15 15:30:00+00:00,7.85
2025-03-15 16:00:00+00:00,2025-03-15 16:00:00+00:00,7.904999999999999
2025-03-15 16:30:00+00:00,2025-03-15 16:30:00+00:00,7.909999999999999
2025-03-15 17:00:00+00:00,2025-03-15 17:00:00+00:00,7.955
2025-03-15 17:30:00+00:00,2025-03-15 17:30:00+00:00,13.5
2025-03-15 18:00:00+00:00,2025-03-15 18:00:00+00:00,13.5
2025-03-15 18:30:00+00:00,2025-03-15 18:30:00+00:00,13.5
2025-03-15 19:00:00+00:00,2025-03-15 19:00:00+00:00,12.199048210221395
2025-03-15 19:30:00+00:00,2025-03-15 19:30:00+00:00,8.0
2025-03-15 20:00:00+00:00,2025-03-15 20:00:00+00:00,8.1
2025-03-15 20:30:00+00:00,2025-03-15 20:30:00+00:00,8.001000000000001
2025-03-15 21:00:00+00:00,2025-03-15 21:00:00+00:00,8.02
2025-03-15 21:30:00+00:00,2025-03-15 21:30:00+00:00,8.01
2025-03-15 22:00:00+00:00,2025-03-15 22:00:00+00:00,8.020999999999999
2025-03-15 22:30:00+00:00,2025-03-15 22:30:00+00:00,8.020999999999999
2025-03-15 23:00:00+00:00,2025-03-15 23:00:00+00:00,8.020999999999999
2025-03-15 23:30:00+00:00,2025-03-15 23:30:00+00:00,11.0
2025-03-16 00:00:00+00:00,2025-03-16 00:00:00+00:00,8.020999999999999
2025-03-16 00:30:00+00:00,2025-03-16 00:30:00+00:00,11.693000000000001
2025-03-16 01:00:00+00:00,2025-03-16 01:00:00+00:00,11.945
2025-03-16 01:30:00+00:00,2025-03-16 01:30:00+00:00,7.900130208333333
2025-03-16 02:00:00+00:00,2025-03-16 02:00:00+00:00,8.020999999999999
2025-03-16 02:30:00+00:00,2025-03-16 02:30:00+00:00,7.9
2025-03-16 03:00:00+00:00,2025-03-16 03:00:00+00:00,7.875
2025-03-16 03:30:00+00:00,2025-03-16 03:30:00+00:00,7.9
2025-03-16 04:00:00+00:00,2025-03-16 04:00:00+00:00,7.9
2025-03-16 04:30:00+00:00,2025-03-16 04:30:00+00:00,10.9
2025-03-16 05:00:00+00:00,2025-03-16 05:00:00+00:00,10.7
2025-03-16 05:30:00+00:00,2025-03-16 05:30:00+00:00,11.0
2025-03-16 06:00:00+00:00,2025-03-16 06:00:00+00:00,9.114
2025-03-16 06:30:00+00:00,2025-03-16 06:30:00+00:00,9.044
2025-03-16 07:00:00+00:00,2025-03-16 07:00:00+00:00,7.909999999999999
2025-03-16 07:30:00+00:00,2025-03-16 07:30:00+00:00,8.01
2025-03-16 08:00:00+00:00,2025-03-16 08:00:00+00:00,8.01
2025-03-16 08:30:00+00:00,2025-03-16 08:30:00+00:00,8.01
2025-03-16 09:00:00+00:00,2025-03-16 09:00:00+00:00,10.065000000000001
2025-03-16 09:30:00+00:00,2025-03-16 09:30:00+00:00,7.93
2025-03-16 10:00:00+00:00,2025-03-16 10:00:00+00:00,7.93
2025-03-16 10:30:00+00:00,2025-03-16 10:30:00+00:00,7.93
2025-03-16 11:00:00+00:00,2025-03-16 11:00:00+00:00,10.400012972692483
2025-03-16 11:30:00+00:00,2025-03-16 11:30:00+00:00,11.3
2025-03-16 12:00:00+00:00,2025-03-16 12:00:00+00:00,11.9
2025-03-16 12:30:00+00:00,2025-03-16 12:30:00+00:00,13.156
2025-03-16 13:00:00+00:00,2025-03-16 13:00:00+00:00,13.072
2025-03-16 13:30:00+00:00,2025-03-16 13:30:00+00:00,12.922
2025-03-16 14:00:00+00:00,2025-03-16 14:00:00+00:00,12.27565607188116
2025-03-16 14:30:00+00:00,2025-03-16 14:30:00+00:00,11.99
2025-03-16 15:00:00+00:00,2025-03-16 15:00:00+00:00,13.191999999999998
2025-03-16 15:30:00+00:00,2025-03-16 15:30:00+00:00,7.931
2025-03-16 16:00:00+00:00,2025-03-16 16:00:00+00:00,7.502
2025-03-16 16:30:00+00:00,2025-03-16 16:30:00+00:00,7.94
2025-03-16 17:00:00+00:00,2025-03-16 17:00:00+00:00,13.9
2025-03-16 17:30:00+00:00,2025-03-16 17:30:00+00:00,13.8
2025-03-16 18:00:00+00:00,2025-03-16 18:00:00+00:00,14.5
2025-03-16 18:30:00+00:00,2025-03-16 18:30:00+00:00,8.790252438116527
2025-03-16 19:00:00+00:00,2025-03-16 19:00:00+00:00,13.5
2025-03-16 19:30:00+00:00,2025-03-16 19:30:00+00:00,7.9510000000000005
2025-03-16 20:00:00+00:00,2025-03-16 20:00:00+00:00,11.4
2025-03-16 20:30:00+00:00,2025-03-16 20:30:00+00:00,7.956
2025-03-16 21:00:00+00:00,2025-03-16 21:00:00+00:00,7.956
2025-03-16 21:30:00+00:00,2025-03-16 21:30:00+00:00,7.975
2025-03-16 22:00:00+00:00,2025-03-16 22:00:00+00:00,10.167846457672852
2025-03-16 22:30:00+00:00,2025-03-16 22:30:00+00:00,8.0
2025-03-16 23:00:00+00:00,2025-03-16 23:00:00+00:00,8.0
2025-03-16 23:30:00+00:00,2025-03-16 23:30:00+00:00,8.0
2025-03-17 00:00:00+00:00,2025-03-17 00:00:00+00:00,8.0
2025-03-17 00:30:00+00:00,2025-03-17 00:30:00+00:00,8.0
2025-03-17 01:00:00+00:00,2025-03-17 01:00:00+00:00,8.0
2025-03-17 01:30:00+00:00,2025-03-17 01:30:00+00:00,8.0
2025-03-17 02:00:00+00:00,2025-03-17 02:00:00+00:00,7.9799999999999995
2025-03-17 02:30:00+00:00,2025-03-17 02:30:00+00:00,8.0
2025-03-17 03:00:00+00:00,2025-03-17 03:00:00+00:00,12.16925166291982
2025-03-17 03:30:00+00:00,2025-03-17 03:30:00+00:00,8.0
2025-03-17 04:00:00+00:00,2025-03-17 04:00:00+00:00,8.0
2025-03-17 04:30:00+00:00,2025-03-17 04:30:00+00:00,7.9799999999999995
2025-03-17 05:00:00+00:00,2025-03-17 05:00:00+00:00,12.98
2025-03-17 05:30:00+00:00,2025-03-17 05:30:00+00:00,12.184999999999999
2025-03-17 06:00:00+00:00,2025-03-17 06:00:00+00:00,14.234
2025-03-17 06:30:00+00:00,2025-03-17 06:30:00+00:00,14.236
2025-03-17 07:00:00+00:00,2025-03-17 07:00:00+00:00,8.0
2025-03-17 07:30:00+00:00,2025-03-17 07:30:00+00:00,11.8
2025-03-17 08:00:00+00:00,2025-03-17 08:00:00+00:00,14.4
2025-03-17 08:30:00+00:00,2025-03-17 08:30:00+00:00,14.690000000000001
2025-03-17 09:00:00+00:00,2025-03-17 09:00:00+00:00,14.815000000000001
2025-03-17 09:30:00+00:00,2025-03-17 09:30:00+00:00,14.905000000000001
2025-03-17 10:00:00+00:00,2025-03-17 10:00:00+00:00,14.95
2025-03-17 10:30:00+00:00,2025-03-17 10:30:00+00:00,14.2
2025-03-17 11:00:00+00:00,2025-03-17 11:00:00+00:00,12.5
2025-03-17 11:30:00+00:00,2025-03-17 11:30:00+00:00,12.5
2025-03-17 12:00:00+00:00,2025-03-17 12:00:00+00:00,12.5
2025-03-17 12:30:00+00:00,2025-03-17 12:30:00+00:00,12.5
2025-03-17 13:00:00+00:00,2025-03-17 13:00:00+00:00,12.5
2025-03-17 13:30:00+00:00,2025-03-17 13:30:00+00:00,12.5
2025-03-17 14:00:00+00:00,2025-03-17 14:00:00+00:00,12.5
2025-03-17 14:30:00+00:00,2025-03-17 14:30:00+00:00,7.995
2025-03-17 15:00:00+00:00,2025-03-17 15:00:00+00:00,7.9799999999999995
2025-03-17 15:30:00+00:00,2025-03-17 15:30:00+00:00,7.85
2025-03-17 16:00:00+00:00,2025-03-17 16:00:00+00:00,7.85
2025-03-17 16:30:00+00:00,2025-03-17 16:30:00+00:00,7.9799999999999995
2025-03-17 17:00:00+00:00,2025-03-17 17:00:00+00:00,7.9799999999999995
2025-03-17 17:30:00+00:00,2025-03-17 17:30:00+00:00,7.99
2025-03-17 18:00:00+00:00,2025-03-17 18:00:00+00:00,7.9799999999999995
2025-03-17 18:30:00+00:00,2025-03-17 18:30:00+00:00,7.995
2025-03-17 19:00:00+00:00,2025-03-17 19:00:00+00:00,12.8
2025-03-17 19:30:00+00:00,2025-03-17 19:30:00+00:00,12.229744840516405
2025-03-17 20:00:00+00:00,2025-03-17 20:00:00+00:00,12.1
2025-03-17 20:30:00+00:00,2025-03-17 20:30:00+00:00,11.9
2025-03-17 21:00:00+00:00,2025-03-17 21:00:00+00:00,7.982681756502854
2025-03-17 21:30:00+00:00,2025-03-17 21:30:00+00:00,10.95
2025-03-17 22:00:00+00:00,2025-03-17 22:00:00+00:00,7.984999999999999
2025-03-17 22:30:00+00:00,2025-03-17 22:30:00+00:00,7.9799999999999995
2025-03-17 23:00:00+00:00,2025-03-17 23:00:00+00:00,10.95
2025-03-17 23:30:00+00:00,2025-03-17 23:30:00+00:00,10.95
2025-03-18 00:00:00+00:00,2025-03-18 00:00:00+00:00,10.95
2025-03-18 00:30:00+00:00,2025-03-18 00:30:00+00:00,8.0
2025-03-18 01:00:00+00:00,2025-03-18 01:00:00+00:00,7.99
2025-03-18 01:30:00+00:00,2025-03-18 01:30:00+00:00,7.99
2025-03-18 02:00:00+00:00,2025-03-18 02:00:00+00:00,7.99
2025-03-18 02:30:00+00:00,2025-03-18 02:30:00+00:00,7.99
2025-03-18 03:00:00+00:00,2025-03-18 03:00:00+00:00,9.27
2025-03-18 03:30:00+00:00,2025-03-18 03:30:00+00:00,12.855661831664781
2025-03-18 04:00:00+00:00,2025-03-18 04:00:00+00:00,10.232
2025-03-18 04:30:00+00:00,2025-03-18 04:30:00+00:00,7.99
2025-03-18 05:00:00+00:00,2025-03-18 05:00:00+00:00,13.738
2025-03-18 05:30:00+00:00,2025-03-18 05:30:00+00:00,14.0
2025-03-18 06:00:00+00:00,2025-03-18 06:00:00+00:00,14.95
2025-03-18 06:30:00+00:00,2025-03-18 06:30:00+00:00,18.2
2025-03-18 07:00:00+00:00,2025-03-18 07:00:00+00:00,14.9
2025-03-18 07:30:00+00:00,2025-03-18 07:30:00+00:00,8.452
2025-03-18 08:00:00+00:00,2025-03-18 08:00:00+00:00,8.001999999999999
2025-03-18 08:30:00+00:00,2025-03-18 08:30:00+00:00,7.67
2025-03-18 09:00:00+00:00,2025-03-18 09:00:00+00:00,7.003144316956147
2025-03-18 09:30:00+00:00,2025-03-18 09:30:00+00:00,7.5
2025-03-18 10:00:00+00:00,2025-03-18 10:00:00+00:00,7.5
2025-03-18 10:30:00+00:00,2025-03-18 10:30:00+00:00,7.502
2025-03-18 11:00:00+00:00,2025-03-18 11:00:00+00:00,10.0
2025-03-18 11:30:00+00:00,2025-03-18 11:30:00+00:00,7.534999999999999
2025-03-18 12:00:00+00:00,2025-03-18 12:00:00+00:00,7.506006646549245
2025-03-18 12:30:00+00:00,2025-03-18 12:30:00+00:00,7.112167615603477
2025-03-18 13:00:00+00:00,2025-03-18 13:00:00+00:00,5.449
2025-03-18 13:30:00+00:00,2025-03-18 13:30:00+00:00,6.0009999999999994
2025-03-18 14:00:00+00:00,2025-03-18 14:00:00+00:00,6.004
2025-03-18 14:30:00+00:00,2025-03-18 14:30:00+00:00,6.0009999999999994
2025-03-18 15:00:00+00:00,2025-03-18 15:00:00+00:00,6.0009999999999994
2025-03-18 15:30:00+00:00,2025-03-18 15:30:00+00:00,6.001320154496032
2025-03-18 16:00:00+00:00,2025-03-18 16:00:00+00:00,6.5
2025-03-18 16:30:00+00:00,2025-03-18 16:30:00+00:00,7.555
2025-03-18 17:00:00+00:00,2025-03-18 17:00:00+00:00,7.9799999999999995
2025-03-18 17:30:00+00:00,2025-03-18 17:30:00+00:00,7.995
2025-03-18 18:00:00+00:00,2025-03-18 18:00:00+00:00,12.5
2025-03-18 18:30:00+00:00,2025-03-18 18:30:00+00:00,12.4
2025-03-18 19:00:00+00:00,2025-03-18 19:00:00+00:00,11.331999999999999
2025-03-18 19:30:00+00:00,2025-03-18 19:30:00+00:00,11.647017543859649
2025-03-18 20:00:00+00:00,2025-03-18 20:00:00+00:00,9.565999999999999
2025-03-18 20:30:00+00:00,2025-03-18 20:30:00+00:00,9.4
2025-03-18 21:00:00+00:00,2025-03-18 21:00:00+00:00,10.6
2025-03-18 21:30:00+00:00,2025-03-18 21:30:00+00:00,7.5
2025-03-18 22:00:00+00:00,2025-03-18 22:00:00+00:00,7.475
2025-03-18 22:30:00+00:00,2025-03-18 22:30:00+00:00,7.67
2025-03-18 23:00:00+00:00,2025-03-18 23:00:00+00:00,7.6209999999999996
2025-03-18 23:30:00+00:00,2025-03-18 23:30:00+00:00,7.5040000000000004
2025-03-19 00:00:00+00:00,2025-03-19 00:00:00+00:00,7.51
2025-03-19 00:30:00+00:00,2025-03-19 00:30:00+00:00,10.0
2025-03-19 01:00:00+00:00,2025-03-19 01:00:00+00:00,9.9
2025-03-19 01:30:00+00:00,2025-03-19 01:30:00+00:00,12.411313720531084
2025-03-19 02:00:00+00:00,2025-03-19 02:00:00+00:00,9.08
2025-03-19 02:30:00+00:00,2025-03-19 02:30:00+00:00,7.5040000000000004
2025-03-19 03:00:00+00:00,2025-03-19 03:00:00+00:00,8.103
2025-03-19 03:30:00+00:00,2025-03-19 03:30:00+00:00,7.7
2025-03-19 04:00:00+00:00,2025-03-19 04:00:00+00:00,13.331999999999999
2025-03-19 04:30:00+00:00,2025-03-19 04:30:00+00:00,14.379332399624882
2025-03-19 05:00:00+00:00,2025-03-19 05:00:00+00:00,14.0
2025-03-19 05:30:00+00:00,2025-03-19 05:30:00+00:00,13.7
2025-03-19 06:00:00+00:00,2025-03-19 06:00:00+00:00,12.3
2025-03-19 06:30:00+00:00,2025-03-19 06:30:00+00:00,14.927490955635529
2025-03-19 07:00:00+00:00,2025-03-19 07:00:00+00:00,14.5
2025-03-19 07:30:00+00:00,2025-03-19 07:30:00+00:00,13.7
2025-03-19 08:00:00+00:00,2025-03-19 08:00:00+00:00,15.0
2025-03-19 08:30:00+00:00,2025-03-19 08:30:00+00:00,13.7
2025-03-19 09:00:00+00:00,2025-03-19 09:00:00+00:00,12.3
2025-03-19 09:30:00+00:00,2025-03-19 09:30:00+00:00,11.89
2025-03-19 10:00:00+00:00,2025-03-19 10:00:00+00:00,7.9
2025-03-19 10:30:00+00:00,2025-03-19 10:30:00+00:00,7.904999999999999
2025-03-19 11:00:00+00:00,2025-03-19 11:00:00+00:00,7.904999999999999
2025-03-19 11:30:00+00:00,2025-03-19 11:30:00+00:00,7.906000000000001
2025-03-19 12:00:00+00:00,2025-03-19 12:00:00+00:00,14.8
2025-03-19 12:30:00+00:00,2025-03-19 12:30:00+00:00,13.711000000000002
2025-03-19 13:00:00+00:00,2025-03-19 13:00:00+00:00,11.91
2025-03-19 13:30:00+00:00,2025-03-19 13:30:00+00:00,11.1
2025-03-19 14:00:00+00:00,2025-03-19 14:00:00+00:00,7.922
2025-03-19 14:30:00+00:00,2025-03-19 14:30:00+00:00,18.5
2025-03-19 15:00:00+00:00,2025-03-19 15:00:00+00:00,7.915000000000001
2025-03-19 15:30:00+00:00,2025-03-19 15:30:00+00:00,7.925
2025-03-19 16:00:00+00:00,2025-03-19 16:00:00+00:00,16.9
2025-03-19 16:30:00+00:00,2025-03-19 16:30:00+00:00,18.5
2025-03-19 17:00:00+00:00,2025-03-19 17:00:00+00:00,20.740000000000002
2025-03-19 17:30:00+00:00,2025-03-19 17:30:00+00:00,20.345013333333334
2025-03-19 18:00:00+00:00,2025-03-19 18:00:00+00:00,18.64
2025-03-19 18:30:00+00:00,2025-03-19 18:30:00+00:00,19.091
2025-03-19 19:00:00+00:00,2025-03-19 19:00:00+00:00,20.0
2025-03-19 19:30:00+00:00,2025-03-19 19:30:00+00:00,20.0
2025-03-19 20:00:00+00:00,2025-03-19 20:00:00+00:00,9.333853153391967
2025-03-19 20:30:00+00:00,2025-03-19 20:30:00+00:00,18.5
2025-03-19 21:00:00+00:00,2025-03-19 21:00:00+00:00,8.132
2025-03-19 21:30:00+00:00,2025-03-19 21:30:00+00:00,8.132
2025-03-19 22:00:00+00:00,2025-03-19 22:00:00+00:00,8.132
2025-03-19 22:30:00+00:00,2025-03-19 22:30:00+00:00,8.244
2025-03-19 23:00:00+00:00,2025-03-19 23:00:00+00:00,11.89
2025-03-19 23:30:00+00:00,2025-03-19 23:30:00+00:00,11.4
2025-03-20 00:00:00+00:00,2025-03-20 00:00:00+00:00,12.5
2025-03-20 00:30:00+00:00,2025-03-20 00:30:00+00:00,13.2
2025-03-20 01:00:00+00:00,2025-03-20 01:00:00+00:00,13.99326510550541
2025-03-20 01:30:00+00:00,2025-03-20 01:30:00+00:00,13.441999999999998
2025-03-20 02:00:00+00:00,2025-03-20 02:00:00+00:00,13.422
2025-03-20 02:30:00+00:00,2025-03-20 02:30:00+00:00,13.5
2025-03-20 03:00:00+00:00,2025-03-20 03:00:00+00:00,8.594
2025-03-20 03:30:00+00:00,2025-03-20 03:30:00+00:00,11.0
2025-03-20 04:00:00+00:00,2025-03-20 04:00:00+00:00,11.0
2025-03-20 04:30:00+00:00,2025-03-20 04:30:00+00:00,8.2
2025-03-20 05:00:00+00:00,2025-03-20 05:00:00+00:00,14.0
2025-03-20 05:30:00+00:00,2025-03-20 05:30:00+00:00,14.0
2025-03-20 06:00:00+00:00,2025-03-20 06:00:00+00:00,13.4
2025-03-20 06:30:00+00:00,2025-03-20 06:30:00+00:00,13.4
2025-03-20 07:00:00+00:00,2025-03-20 07:00:00+00:00,14.2
2025-03-20 07:30:00+00:00,2025-03-20 07:30:00+00:00,13.4
2025-03-20 08:00:00+00:00,2025-03-20 08:00:00+00:00,8.888
2025-03-20 08:30:00+00:00,2025-03-20 08:30:00+00:00,13.4
2025-03-20 09:00:00+00:00,2025-03-20 09:00:00+00:00,12.0
2025-03-20 09:30:00+00:00,2025-03-20 09:30:00+00:00,8.202
2025-03-20 10:00:00+00:00,2025-03-20 10:00:00+00:00,8.202
2025-03-20 10:30:00+00:00,2025-03-20 10:30:00+00:00,8.211
2025-03-20 11:00:00+00:00,2025-03-20 11:00:00+00:00,8.211
2025-03-20 11:30:00+00:00,2025-03-20 11:30:00+00:00,8.15
2025-03-20 12:00:00+00:00,2025-03-20 12:00:00+00:00,8.15
2025-03-20 12:30:00+00:00,2025-03-20 12:30:00+00:00,8.211
2025-03-20 13:00:00+00:00,2025-03-20 13:00:00+00:00,10.59
2025-03-20 13:30:00+00:00,2025-03-20 13:30:00+00:00,8.120999999999999
2025-03-20 14:00:00+00:00,2025-03-20 14:00:00+00:00,8.120999999999999
2025-03-20 14:30:00+00:00,2025-03-20 14:30:00+00:00,8.15
2025-03-20 15:00:00+00:00,2025-03-20 15:00:00+00:00,8.152
2025-03-20 15:30:00+00:00,2025-03-20 15:30:00+00:00,8.152
2025-03-20 16:00:00+00:00,2025-03-20 16:00:00+00:00,11.894003168137587
2025-03-20 16:30:00+00:00,2025-03-20 16:30:00+00:00,15.0
2025-03-20 17:00:00+00:00,2025-03-20 17:00:00+00:00,10.222866344605475
2025-03-20 17:30:00+00:00,2025-03-20 17:30:00+00:00,15.807013333333334
2025-03-20 18:00:00+00:00,2025-03-20 18:00:00+00:00,15.866
2025-03-20 18:30:00+00:00,2025-03-20 18:30:00+00:00,15.8
2025-03-20 19:00:00+00:00,2025-03-20 19:00:00+00:00,14.7
2025-03-20 19:30:00+00:00,2025-03-20 19:30:00+00:00,12.277432389636138
2025-03-20 20:00:00+00:00,2025-03-20 20:00:00+00:00,12.690000000000001
2025-03-20 20:30:00+00:00,2025-03-20 20:30:00+00:00,11.3
2025-03-20 21:00:00+00:00,2025-03-20 21:00:00+00:00,10.628
2025-03-20 21:30:00+00:00,2025-03-20 21:30:00+00:00,11.0
2025-03-20 22:00:00+00:00,2025-03-20 22:00:00+00:00,11.175
2025-03-20 22:30:00+00:00,2025-03-20 22:30:00+00:00,8.01
2025-03-20 23:00:00+00:00,2025-03-20 23:00:00+00:00,7.075
2025-03-20 23:30:00+00:00,2025-03-20 23:30:00+00:00,10.9
2025-03-21 00:00:00+00:00,2025-03-21 00:00:00+00:00,10.9
2025-03-21 00:30:00+00:00,2025-03-21 00:30:00+00:00,11.175
2025-03-21 01:00:00+00:00,2025-03-21 01:00:00+00:00,11.175
2025-03-21 01:30:00+00:00,2025-03-21 01:30:00+00:00,9.123999999999999
2025-03-21 02:00:00+00:00,2025-03-21 02:00:00+00:00,6.5
2025-03-21 02:30:00+00:00,2025-03-21 02:30:00+00:00,11.17
2025-03-21 03:00:00+00:00,2025-03-21 03:00:00+00:00,11.17
2025-03-21 03:30:00+00:00,2025-03-21 03:30:00+00:00,11.171
2025-03-21 04:00:00+00:00,2025-03-21 04:00:00+00:00,11.175
2025-03-21 04:30:00+00:00,2025-03-21 04:30:00+00:00,8.821
2025-03-21 05:00:00+00:00,2025-03-21 05:00:00+00:00,9.233
2025-03-21 05:30:00+00:00,2025-03-21 05:30:00+00:00,11.17
2025-03-21 06:00:00+00:00,2025-03-21 06:00:00+00:00,11.14
2025-03-21 06:30:00+00:00,2025-03-21 06:30:00+00:00,6.644
2025-03-21 07:00:00+00:00,2025-03-21 07:00:00+00:00,4.5
2025-03-21 07:30:00+00:00,2025-03-21 07:30:00+00:00,11.727
2025-03-21 08:00:00+00:00,2025-03-21 08:00:00+00:00,11.329
2025-03-21 08:30:00+00:00,2025-03-21 08:30:00+00:00,11.89
2025-03-21 09:00:00+00:00,2025-03-21 09:00:00+00:00,11.89
2025-03-21 09:30:00+00:00,2025-03-21 09:30:00+00:00,11.89
2025-03-21 10:00:00+00:00,2025-03-21 10:00:00+00:00,11.7
2025-03-21 10:30:00+00:00,2025-03-21 10:30:00+00:00,11.7
2025-03-21 11:00:00+00:00,2025-03-21 11:00:00+00:00,11.7
2025-03-21 11:30:00+00:00,2025-03-21 11:30:00+00:00,11.8
2025-03-21 12:00:00+00:00,2025-03-21 12:00:00+00:00,11.392
2025-03-21 12:30:00+00:00,2025-03-21 12:30:00+00:00,6.5489999999999995
2025-03-21 13:00:00+00:00,2025-03-21 13:00:00+00:00,6.039
2025-03-21 13:30:00+00:00,2025-03-21 13:30:00+00:00,4.500455096716918
2025-03-21 14:00:00+00:00,2025-03-21 14:00:00+00:00,4.746086486092656
2025-03-21 14:30:00+00:00,2025-03-21 14:30:00+00:00,-0.045
2025-03-21 15:00:00+00:00,2025-03-21 15:00:00+00:00,7.3260000000000005
2025-03-21 15:30:00+00:00,2025-03-21 15:30:00+00:00,11.8
2025-03-21 16:00:00+00:00,2025-03-21 16:00:00+00:00,12.25
2025-03-21 16:30:00+00:00,2025-03-21 16:30:00+00:00,12.5
2025-03-21 17:00:00+00:00,2025-03-21 17:00:00+00:00,12.6
2025-03-21 17:30:00+00:00,2025-03-21 17:30:00+00:00,12.684999999999999
2025-03-21 18:00:00+00:00,2025-03-21 18:00:00+00:00,12.6
2025-03-21 18:30:00+00:00,2025-03-21 18:30:00+00:00,12.7
2025-03-21 19:00:00+00:00,2025-03-21 19:00:00+00:00,12.695
2025-03-21 19:30:00+00:00,2025-03-21 19:30:00+00:00,12.6
2025-03-21 20:00:00+00:00,2025-03-21 20:00:00+00:00,12.6
2025-03-21 20:30:00+00:00,2025-03-21 20:30:00+00:00,11.959999999999999
2025-03-21 21:00:00+00:00,2025-03-21 21:00:00+00:00,11.8
2025-03-21 21:30:00+00:00,2025-03-21 21:30:00+00:00,11.35
2025-03-21 22:00:00+00:00,2025-03-21 22:00:00+00:00,11.24
2025-03-21 22:30:00+00:00,2025-03-21 22:30:00+00:00,10.959999999999999
2025-03-21 23:00:00+00:00,2025-03-21 23:00:00+00:00,10.75
2025-03-21 23:30:00+00:00,2025-03-21 23:30:00+00:00,10.75
2025-03-22 00:00:00+00:00,2025-03-22 00:00:00+00:00,10.7
2025-03-22 00:30:00+00:00,2025-03-22 00:30:00+00:00,10.7
2025-03-22 01:00:00+00:00,2025-03-22 01:00:00+00:00,10.695
2025-03-22 01:30:00+00:00,2025-03-22 01:30:00+00:00,10.49
2025-03-22 02:00:00+00:00,2025-03-22 02:00:00+00:00,7.641
2025-03-22 02:30:00+00:00,2025-03-22 02:30:00+00:00,8.764
2025-03-22 03:00:00+00:00,2025-03-22 03:00:00+00:00,-0.045
2025-03-22 03:30:00+00:00,2025-03-22 03:30:00+00:00,7.372
2025-03-22 04:00:00+00:00,2025-03-22 04:00:00+00:00,7.778042854646465
2025-03-22 04:30:00+00:00,2025-03-22 04:30:00+00:00,-0.045
2025-03-22 05:00:00+00:00,2025-03-22 05:00:00+00:00,-0.045
2025-03-22 05:30:00+00:00,2025-03-22 05:30:00+00:00,-0.045
2025-03-22 06:00:00+00:00,2025-03-22 06:00:00+00:00,-0.045
2025-03-22 06:30:00+00:00,2025-03-22 06:30:00+00:00,-0.045
2025-03-22 07:00:00+00:00,2025-03-22 07:00:00+00:00,0.844
2025-03-22 07:30:00+00:00,2025-03-22 07:30:00+00:00,10.695
2025-03-22 08:00:00+00:00,2025-03-22 08:00:00+00:00,10.695
2025-03-22 08:30:00+00:00,2025-03-22 08:30:00+00:00,11.5
2025-03-22 09:00:00+00:00,2025-03-22 09:00:00+00:00,11.501852735930191
2025-03-22 09:30:00+00:00,2025-03-22 09:30:00+00:00,11.5
2025-03-22 10:00:00+00:00,2025-03-22 10:00:00+00:00,11.5
2025-03-22 10:30:00+00:00,2025-03-22 10:30:00+00:00,10.129999999999999
2025-03-22 11:00:00+00:00,2025-03-22 11:00:00+00:00,9.03868975194564
2025-03-22 11:30:00+00:00,2025-03-22 11:30:00+00:00,7.7620000000000005
2025-03-22 12:00:00+00:00,2025-03-22 12:00:00+00:00,11.5
2025-03-22 12:30:00+00:00,2025-03-22 12:30:00+00:00,11.5
2025-03-22 13:00:00+00:00,2025-03-22 13:00:00+00:00,11.5
2025-03-22 13:30:00+00:00,2025-03-22 13:30:00+00:00,10.946
2025-03-22 14:00:00+00:00,2025-03-22 14:00:00+00:00,11.5
2025-03-22 14:30:00+00:00,2025-03-22 14:30:00+00:00,11.5
2025-03-22 15:00:00+00:00,2025-03-22 15:00:00+00:00,10.264
2025-03-22 15:30:00+00:00,2025-03-22 15:30:00+00:00,10.078
2025-03-22 16:00:00+00:00,2025-03-22 16:00:00+00:00,13.5
2025-03-22 16:30:00+00:00,2025-03-22 16:30:00+00:00,13.5
2025-03-22 17:00:00+00:00,2025-03-22 17:00:00+00:00,13.24
2025-03-22 17:30:00+00:00,2025-03-22 17:30:00+00:00,13.24
2025-03-22 18:00:00+00:00,2025-03-22 18:00:00+00:00,13.610594430281074
2025-03-22 18:30:00+00:00,2025-03-22 18:30:00+00:00,14.5
2025-03-22 19:00:00+00:00,2025-03-22 19:00:00+00:00,14.5
2025-03-22 19:30:00+00:00,2025-03-22 19:30:00+00:00,13.2
2025-03-22 20:00:00+00:00,2025-03-22 20:00:00+00:00,11.369
2025-03-22 20:30:00+00:00,2025-03-22 20:30:00+00:00,10.232
2025-03-22 21:00:00+00:00,2025-03-22 21:00:00+00:00,12.25
2025-03-22 21:30:00+00:00,2025-03-22 21:30:00+00:00,13.24
2025-03-22 22:00:00+00:00,2025-03-22 22:00:00+00:00,11.95
2025-03-22 22:30:00+00:00,2025-03-22 22:30:00+00:00,11.8
2025-03-22 23:00:00+00:00,2025-03-22 23:00:00+00:00,11.4
2025-03-22 23:30:00+00:00,2025-03-22 23:30:00+00:00,11.8
2025-03-23 00:00:00+00:00,2025-03-23 00:00:00+00:00,10.690000000000001
2025-03-23 00:30:00+00:00,2025-03-23 00:30:00+00:00,10.690000000000001
2025-03-23 01:00:00+00:00,2025-03-23 01:00:00+00:00,10.707941957890863
2025-03-23 01:30:00+00:00,2025-03-23 01:30:00+00:00,10.89
2025-03-23 02:00:00+00:00,2025-03-23 02:00:00+00:00,9.354000000000001
2025-03-23 02:30:00+00:00,2025-03-23 02:30:00+00:00,10.6
2025-03-23 03:00:00+00:00,2025-03-23 03:00:00+00:00,10.6
2025-03-23 03:30:00+00:00,2025-03-23 03:30:00+00:00,10.6
2025-03-23 04:00:00+00:00,2025-03-23 04:00:00+00:00,3.434
2025-03-23 04:30:00+00:00,2025-03-23 04:30:00+00:00,3.434
2025-03-23 05:00:00+00:00,2025-03-23 05:00:00+00:00,10.45
2025-03-23 05:30:00+00:00,2025-03-23 05:30:00+00:00,10.4
2025-03-23 06:00:00+00:00,2025-03-23 06:00:00+00:00,8.578
2025-03-23 06:30:00+00:00,2025-03-23 06:30:00+00:00,8.722
2025-03-23 07:00:00+00:00,2025-03-23 07:00:00+00:00,7.7090000000000005
2025-03-23 07:30:00+00:00,2025-03-23 07:30:00+00:00,3.7689999999999997
2025-03-23 08:00:00+00:00,2025-03-23 08:00:00+00:00,7.5
2025-03-23 08:30:00+00:00,2025-03-23 08:30:00+00:00,7.6
2025-03-23 09:00:00+00:00,2025-03-23 09:00:00+00:00,13.50002282167146
2025-03-23 09:30:00+00:00,2025-03-23 09:30:00+00:00,15.0
2025-03-23 10:00:00+00:00,2025-03-23 10:00:00+00:00,15.0
2025-03-23 10:30:00+00:00,2025-03-23 10:30:00+00:00,15.0
2025-03-23 11:00:00+00:00,2025-03-23 11:00:00+00:00,15.0
2025-03-23 11:30:00+00:00,2025-03-23 11:30:00+00:00,15.0
2025-03-23 12:00:00+00:00,2025-03-23 12:00:00+00:00,12.2
2025-03-23 12:30:00+00:00,2025-03-23 12:30:00+00:00,15.0
2025-03-23 13:00:00+00:00,2025-03-23 13:00:00+00:00,12.2
2025-03-23 13:30:00+00:00,2025-03-23 13:30:00+00:00,12.2
2025-03-23 14:00:00+00:00,2025-03-23 14:00:00+00:00,12.0
2025-03-23 14:30:00+00:00,2025-03-23 14:30:00+00:00,7.8
2025-03-23 15:00:00+00:00,2025-03-23 15:00:00+00:00,7.609999999999999
2025-03-23 15:30:00+00:00,2025-03-23 15:30:00+00:00,7.609999999999999
2025-03-23 16:00:00+00:00,2025-03-23 16:00:00+00:00,13.89
2025-03-23 16:30:00+00:00,2025-03-23 16:30:00+00:00,13.809397652106867
2025-03-23 17:00:00+00:00,2025-03-23 17:00:00+00:00,13.89
2025-03-23 17:30:00+00:00,2025-03-23 17:30:00+00:00,13.89
2025-03-23 18:00:00+00:00,2025-03-23 18:00:00+00:00,13.8
2025-03-23 18:30:00+00:00,2025-03-23 18:30:00+00:00,13.89
2025-03-23 19:00:00+00:00,2025-03-23 19:00:00+00:00,12.966986666666667
2025-03-23 19:30:00+00:00,2025-03-23 19:30:00+00:00,9.536
2025-03-23 20:00:00+00:00,2025-03-23 20:00:00+00:00,11.569010309278351
2025-03-23 20:30:00+00:00,2025-03-23 20:30:00+00:00,10.686
2025-03-23 21:00:00+00:00,2025-03-23 21:00:00+00:00,13.775
2025-03-23 21:30:00+00:00,2025-03-23 21:30:00+00:00,12.461
2025-03-23 22:00:00+00:00,2025-03-23 22:00:00+00:00,11.190000000000001
2025-03-23 22:30:00+00:00,2025-03-23 22:30:00+00:00,11.190000000000001
2025-03-23 23:00:00+00:00,2025-03-23 23:00:00+00:00,11.190000000000001
2025-03-23 23:30:00+00:00,2025-03-23 23:30:00+00:00,7.912000000000001
2025-03-24 00:00:00+00:00,2025-03-24 00:00:00+00:00,7.917
2025-03-24 00:30:00+00:00,2025-03-24 00:30:00+00:00,7.917
2025-03-24 01:00:00+00:00,2025-03-24 01:00:00+00:00,7.917
2025-03-24 01:30:00+00:00,2025-03-24 01:30:00+00:00,7.926
2025-03-24 02:00:00+00:00,2025-03-24 02:00:00+00:00,11.345
2025-03-24 02:30:00+00:00,2025-03-24 02:30:00+00:00,7.926
2025-03-24 03:00:00+00:00,2025-03-24 03:00:00+00:00,11.345
2025-03-24 03:30:00+00:00,2025-03-24 03:30:00+00:00,7.934
2025-03-24 04:00:00+00:00,2025-03-24 04:00:00+00:00,7.934
2025-03-24 04:30:00+00:00,2025-03-24 04:30:00+00:00,7.934
2025-03-24 05:00:00+00:00,2025-03-24 05:00:00+00:00,7.909999999999999
2025-03-24 05:30:00+00:00,2025-03-24 05:30:00+00:00,7.922
2025-03-24 06:00:00+00:00,2025-03-24 06:00:00+00:00,14.875
2025-03-24 06:30:00+00:00,2025-03-24 06:30:00+00:00,14.0
2025-03-24 07:00:00+00:00,2025-03-24 07:00:00+00:00,14.774000000000001
2025-03-24 07:30:00+00:00,2025-03-24 07:30:00+00:00,14.98
2025-03-24 08:00:00+00:00,2025-03-24 08:00:00+00:00,14.4
2025-03-24 08:30:00+00:00,2025-03-24 08:30:00+00:00,12.5
2025-03-24 09:00:00+00:00,2025-03-24 09:00:00+00:00,12.5
2025-03-24 09:30:00+00:00,2025-03-24 09:30:00+00:00,11.9
2025-03-24 10:00:00+00:00,2025-03-24 10:00:00+00:00,11.75
2025-03-24 10:30:00+00:00,2025-03-24 10:30:00+00:00,8.666
2025-03-24 11:00:00+00:00,2025-03-24 11:00:00+00:00,6.7619986715517895
2025-03-24 11:30:00+00:00,2025-03-24 11:30:00+00:00,6.919
2025-03-24 12:00:00+00:00,2025-03-24 12:00:00+00:00,4.4
2025-03-24 12:30:00+00:00,2025-03-24 12:30:00+00:00,7.5
2025-03-24 13:00:00+00:00,2025-03-24 13:00:00+00:00,7.5
2025-03-24 13:30:00+00:00,2025-03-24 13:30:00+00:00,7.2
2025-03-24 14:00:00+00:00,2025-03-24 14:00:00+00:00,7.2
2025-03-24 14:30:00+00:00,2025-03-24 14:30:00+00:00,5.7
2025-03-24 15:00:00+00:00,2025-03-24 15:00:00+00:00,6.691820711274998
2025-03-24 15:30:00+00:00,2025-03-24 15:30:00+00:00,6.90434330766116
2025-03-24 16:00:00+00:00,2025-03-24 16:00:00+00:00,7.039193540359132
2025-03-24 16:30:00+00:00,2025-03-24 16:30:00+00:00,7.315809928945278
2025-03-24 17:00:00+00:00,2025-03-24 17:00:00+00:00,6.031706882007599
2025-03-24 17:30:00+00:00,2025-03-24 17:30:00+00:00,9.169
2025-03-24 18:00:00+00:00,2025-03-24 18:00:00+00:00,14.5
2025-03-24 18:30:00+00:00,2025-03-24 18:30:00+00:00,13.017
2025-03-24 19:00:00+00:00,2025-03-24 19:00:00+00:00,13.440000000000001
2025-03-24 19:30:00+00:00,2025-03-24 19:30:00+00:00,13.440000000000001
2025-03-24 20:00:00+00:00,2025-03-24 20:00:00+00:00,10.801
2025-03-24 20:30:00+00:00,2025-03-24 20:30:00+00:00,8.112798151692907
2025-03-24 21:00:00+00:00,2025-03-24 21:00:00+00:00,7.732787043884558
2025-03-24 21:30:00+00:00,2025-03-24 21:30:00+00:00,9.392
2025-03-24 22:00:00+00:00,2025-03-24 22:00:00+00:00,11.0
2025-03-24 22:30:00+00:00,2025-03-24 22:30:00+00:00,6.149069092077266
2025-03-24 23:00:00+00:00,2025-03-24 23:00:00+00:00,7.81
2025-03-24 23:30:00+00:00,2025-03-24 23:30:00+00:00,5.4399999999999995
2025-03-25 00:00:00+00:00,2025-03-25 00:00:00+00:00,5.733848912546033
2025-03-25 00:30:00+00:00,2025-03-25 00:30:00+00:00,7.453919518152388
2025-03-25 01:00:00+00:00,2025-03-25 01:00:00+00:00,2.0
2025-03-25 01:30:00+00:00,2025-03-25 01:30:00+00:00,10.5
2025-03-25 02:00:00+00:00,2025-03-25 02:00:00+00:00,10.498000000000001
2025-03-25 02:30:00+00:00,2025-03-25 02:30:00+00:00,10.798
2025-03-25 03:00:00+00:00,2025-03-25 03:00:00+00:00,10.45
2025-03-25 03:30:00+00:00,2025-03-25 03:30:00+00:00,10.45
2025-03-25 04:00:00+00:00,2025-03-25 04:00:00+00:00,6.0
2025-03-25 04:30:00+00:00,2025-03-25 04:30:00+00:00,10.45
2025-03-25 05:00:00+00:00,2025-03-25 05:00:00+00:00,10.5
2025-03-25 05:30:00+00:00,2025-03-25 05:30:00+00:00,10.5
2025-03-25 06:00:00+00:00,2025-03-25 06:00:00+00:00,7.2
2025-03-25 06:30:00+00:00,2025-03-25 06:30:00+00:00,9.031
2025-03-25 07:00:00+00:00,2025-03-25 07:00:00+00:00,7.45
2025-03-25 07:30:00+00:00,2025-03-25 07:30:00+00:00,6.816652848446061
2025-03-25 08:00:00+00:00,2025-03-25 08:00:00+00:00,7.840694062018277
2025-03-25 08:30:00+00:00,2025-03-25 08:30:00+00:00,8.0
2025-03-25 09:00:00+00:00,2025-03-25 09:00:00+00:00,10.936
2025-03-25 09:30:00+00:00,2025-03-25 09:30:00+00:00,7.910464896780281
2025-03-25 10:00:00+00:00,2025-03-25 10:00:00+00:00,7.4
2025-03-25 10:30:00+00:00,2025-03-25 10:30:00+00:00,7.911
2025-03-25 11:00:00+00:00,2025-03-25 11:00:00+00:00,7.6
2025-03-25 11:30:00+00:00,2025-03-25 11:30:00+00:00,7.6
2025-03-25 12:00:00+00:00,2025-03-25 12:00:00+00:00,7.6
2025-03-25 12:30:00+00:00,2025-03-25 12:30:00+00:00,7.6
2025-03-25 13:00:00+00:00,2025-03-25 13:00:00+00:00,-0.263
2025-03-25 13:30:00+00:00,2025-03-25 13:30:00+00:00,4.4
2025-03-25 14:00:00+00:00,2025-03-25 14:00:00+00:00,4.4
2025-03-25 14:30:00+00:00,2025-03-25 14:30:00+00:00,4.4
2025-03-25 15:00:00+00:00,2025-03-25 15:00:00+00:00,4.4
2025-03-25 15:30:00+00:00,2025-03-25 15:30:00+00:00,4.4
2025-03-25 16:00:00+00:00,2025-03-25 16:00:00+00:00,10.290000000000001
2025-03-25 16:30:00+00:00,2025-03-25 16:30:00+00:00,10.751999999999999
2025-03-25 17:00:00+00:00,2025-03-25 17:00:00+00:00,12.618
2025-03-25 17:30:00+00:00,2025-03-25 17:30:00+00:00,12.66
2025-03-25 18:00:00+00:00,2025-03-25 18:00:00+00:00,9.166
2025-03-25 18:30:00+00:00,2025-03-25 18:30:00+00:00,13.430000000000001
2025-03-25 19:00:00+00:00,2025-03-25 19:00:00+00:00,12.407
2025-03-25 19:30:00+00:00,2025-03-25 19:30:00+00:00,12.565020408163265
2025-03-25 20:00:00+00:00,2025-03-25 20:00:00+00:00,8.888
2025-03-25 20:30:00+00:00,2025-03-25 20:30:00+00:00,7.8549999999999995
2025-03-25 21:00:00+00:00,2025-03-25 21:00:00+00:00,7.8
2025-03-25 21:30:00+00:00,2025-03-25 21:30:00+00:00,11.7
2025-03-25 22:00:00+00:00,2025-03-25 22:00:00+00:00,7.8549999999999995
2025-03-25 22:30:00+00:00,2025-03-25 22:30:00+00:00,7.8549999999999995
2025-03-25 23:00:00+00:00,2025-03-25 23:00:00+00:00,7.8549999999999995
2025-03-25 23:30:00+00:00,2025-03-25 23:30:00+00:00,7.8549999999999995
2025-03-26 00:00:00+00:00,2025-03-26 00:00:00+00:00,7.8549999999999995
2025-03-26 00:30:00+00:00,2025-03-26 00:30:00+00:00,7.8549999999999995
2025-03-26 01:00:00+00:00,2025-03-26 01:00:00+00:00,7.8549999999999995
2025-03-26 01:30:00+00:00,2025-03-26 01:30:00+00:00,7.8549999999999995
2025-03-26 02:00:00+00:00,2025-03-26 02:00:00+00:00,7.8549999999999995
2025-03-26 02:30:00+00:00,2025-03-26 02:30:00+00:00,7.529000000000001
2025-03-26 03:00:00+00:00,2025-03-26 03:00:00+00:00,7.76
2025-03-26 03:30:00+00:00,2025-03-26 03:30:00+00:00,7.76
2025-03-26 04:00:00+00:00,2025-03-26 04:00:00+00:00,7.76
2025-03-26 04:30:00+00:00,2025-03-26 04:30:00+00:00,7.76
2025-03-26 05:00:00+00:00,2025-03-26 05:00:00+00:00,7.76
2025-03-26 05:30:00+00:00,2025-03-26 05:30:00+00:00,7.76
2025-03-26 06:00:00+00:00,2025-03-26 06:00:00+00:00,7.76
2025-03-26 06:30:00+00:00,2025-03-26 06:30:00+00:00,8.469247752400431
2025-03-26 07:00:00+00:00,2025-03-26 07:00:00+00:00,13.4
2025-03-26 07:30:00+00:00,2025-03-26 07:30:00+00:00,12.5
2025-03-26 08:00:00+00:00,2025-03-26 08:00:00+00:00,12.5
2025-03-26 08:30:00+00:00,2025-03-26 08:30:00+00:00,8.297
2025-03-26 09:00:00+00:00,2025-03-26 09:00:00+00:00,7.765000000000001
2025-03-26 09:30:00+00:00,2025-03-26 09:30:00+00:00,7.615
2025-03-26 10:00:00+00:00,2025-03-26 10:00:00+00:00,11.3
2025-03-26 10:30:00+00:00,2025-03-26 10:30:00+00:00,11.3
2025-03-26 11:00:00+00:00,2025-03-26 11:00:00+00:00,11.4
2025-03-26 11:30:00+00:00,2025-03-26 11:30:00+00:00,11.3
2025-03-26 12:00:00+00:00,2025-03-26 12:00:00+00:00,9.725
2025-03-26 12:30:00+00:00,2025-03-26 12:30:00+00:00,8.76
2025-03-26 13:00:00+00:00,2025-03-26 13:00:00+00:00,7.603905382961189
2025-03-26 13:30:00+00:00,2025-03-26 13:30:00+00:00,7.595999999999999
2025-03-26 14:00:00+00:00,2025-03-26 14:00:00+00:00,7.6129999999999995
2025-03-26 14:30:00+00:00,2025-03-26 14:30:00+00:00,7.51
2025-03-26 15:00:00+00:00,2025-03-26 15:00:00+00:00,9.75
2025-03-26 15:30:00+00:00,2025-03-26 15:30:00+00:00,7.6129999999999995
2025-03-26 16:00:00+00:00,2025-03-26 16:00:00+00:00,4.005
2025-03-26 16:30:00+00:00,2025-03-26 16:30:00+00:00,7.442195237803377
2025-03-26 17:00:00+00:00,2025-03-26 17:00:00+00:00,7.612
2025-03-26 17:30:00+00:00,2025-03-26 17:30:00+00:00,7.612
2025-03-26 18:00:00+00:00,2025-03-26 18:00:00+00:00,8.001000000000001
2025-03-26 18:30:00+00:00,2025-03-26 18:30:00+00:00,8.001000000000001
2025-03-26 19:00:00+00:00,2025-03-26 19:00:00+00:00,12.0
2025-03-26 19:30:00+00:00,2025-03-26 19:30:00+00:00,11.7
2025-03-26 20:00:00+00:00,2025-03-26 20:00:00+00:00,11.7
2025-03-26 20:30:00+00:00,2025-03-26 20:30:00+00:00,7.645999999999999
2025-03-26 21:00:00+00:00,2025-03-26 21:00:00+00:00,6.1
2025-03-26 21:30:00+00:00,2025-03-26 21:30:00+00:00,11.3
2025-03-26 22:00:00+00:00,2025-03-26 22:00:00+00:00,10.9
2025-03-26 22:30:00+00:00,2025-03-26 22:30:00+00:00,10.8
2025-03-26 23:00:00+00:00,2025-03-26 23:00:00+00:00,7.970000000000001
2025-03-26 23:30:00+00:00,2025-03-26 23:30:00+00:00,9.937000000000001
2025-03-27 00:00:00+00:00,2025-03-27 00:00:00+00:00,9.937000000000001
2025-03-27 00:30:00+00:00,2025-03-27 00:30:00+00:00,9.937000000000001
2025-03-27 01:00:00+00:00,2025-03-27 01:00:00+00:00,8.543000000000001
2025-03-27 01:30:00+00:00,2025-03-27 01:30:00+00:00,7.2645463062499775
2025-03-27 02:00:00+00:00,2025-03-27 02:00:00+00:00,7.975
2025-03-27 02:30:00+00:00,2025-03-27 02:30:00+00:00,8.072
2025-03-27 03:00:00+00:00,2025-03-27 03:00:00+00:00,7.608
2025-03-27 03:30:00+00:00,2025-03-27 03:30:00+00:00,10.4
2025-03-27 04:00:00+00:00,2025-03-27 04:00:00+00:00,10.67
2025-03-27 04:30:00+00:00,2025-03-27 04:30:00+00:00,10.67
2025-03-27 05:00:00+00:00,2025-03-27 05:00:00+00:00,11.8
2025-03-27 05:30:00+00:00,2025-03-27 05:30:00+00:00,10.7
2025-03-27 06:00:00+00:00,2025-03-27 06:00:00+00:00,12.65
2025-03-27 06:30:00+00:00,2025-03-27 06:30:00+00:00,12.269990878686531
2025-03-27 07:00:00+00:00,2025-03-27 07:00:00+00:00,10.7
2025-03-27 07:30:00+00:00,2025-03-27 07:30:00+00:00,12.65
2025-03-27 08:00:00+00:00,2025-03-27 08:00:00+00:00,12.65
2025-03-27 08:30:00+00:00,2025-03-27 08:30:00+00:00,8.0
2025-03-27 09:00:00+00:00,2025-03-27 09:00:00+00:00,10.7
2025-03-27 09:30:00+00:00,2025-03-27 09:30:00+00:00,7.3
2025-03-27 10:00:00+00:00,2025-03-27 10:00:00+00:00,7.0
2025-03-27 10:30:00+00:00,2025-03-27 10:30:00+00:00,9.8
2025-03-27 11:00:00+00:00,2025-03-27 11:00:00+00:00,10.55
2025-03-27 11:30:00+00:00,2025-03-27 11:30:00+00:00,10.55
2025-03-27 12:00:00+00:00,2025-03-27 12:00:00+00:00,10.5
2025-03-27 12:30:00+00:00,2025-03-27 12:30:00+00:00,1.5
2025-03-27 13:00:00+00:00,2025-03-27 13:00:00+00:00,2.0
2025-03-27 13:30:00+00:00,2025-03-27 13:30:00+00:00,5.201
2025-03-27 14:00:00+00:00,2025-03-27 14:00:00+00:00,-0.046
2025-03-27 14:30:00+00:00,2025-03-27 14:30:00+00:00,-0.046
2025-03-27 15:00:00+00:00,2025-03-27 15:00:00+00:00,5.14
2025-03-27 15:30:00+00:00,2025-03-27 15:30:00+00:00,4.632
2025-03-27 16:00:00+00:00,2025-03-27 16:00:00+00:00,6.770999999999999
2025-03-27 16:30:00+00:00,2025-03-27 16:30:00+00:00,3.7
2025-03-27 17:00:00+00:00,2025-03-27 17:00:00+00:00,10.395
2025-03-27 17:30:00+00:00,2025-03-27 17:30:00+00:00,10.504000000000001
2025-03-27 18:00:00+00:00,2025-03-27 18:00:00+00:00,12.9
2025-03-27 18:30:00+00:00,2025-03-27 18:30:00+00:00,12.9
2025-03-27 19:00:00+00:00,2025-03-27 19:00:00+00:00,10.47
2025-03-27 19:30:00+00:00,2025-03-27 19:30:00+00:00,8.0
2025-03-27 20:00:00+00:00,2025-03-27 20:00:00+00:00,3.9590000000000005
2025-03-27 20:30:00+00:00,2025-03-27 20:30:00+00:00,8.853
2025-03-27 21:00:00+00:00,2025-03-27 21:00:00+00:00,8.170981818181819
2025-03-27 21:30:00+00:00,2025-03-27 21:30:00+00:00,7.481999999999999
2025-03-27 22:00:00+00:00,2025-03-27 22:00:00+00:00,0.05
2025-03-27 22:30:00+00:00,2025-03-27 22:30:00+00:00,5.84
2025-03-27 23:00:00+00:00,2025-03-27 23:00:00+00:00,3.189
2025-03-27 23:30:00+00:00,2025-03-27 23:30:00+00:00,2.355
2025-03-28 00:00:00+00:00,2025-03-28 00:00:00+00:00,1.693
2025-03-28 00:30:00+00:00,2025-03-28 00:30:00+00:00,1.777
2025-03-28 01:00:00+00:00,2025-03-28 01:00:00+00:00,1.6079999999999999
2025-03-28 01:30:00+00:00,2025-03-28 01:30:00+00:00,-0.046
2025-03-28 02:00:00+00:00,2025-03-28 02:00:00+00:00,1.114
2025-03-28 02:30:00+00:00,2025-03-28 02:30:00+00:00,1.049
2025-03-28 03:00:00+00:00,2025-03-28 03:00:00+00:00,1.205
2025-03-28 03:30:00+00:00,2025-03-28 03:30:00+00:00,1.2630000000000001
2025-03-28 04:00:00+00:00,2025-03-28 04:00:00+00:00,2.607
2025-03-28 04:30:00+00:00,2025-03-28 04:30:00+00:00,2.698
2025-03-28 05:00:00+00:00,2025-03-28 05:00:00+00:00,7.6445615743561515
2025-03-28 05:30:00+00:00,2025-03-28 05:30:00+00:00,0.7
2025-03-28 06:00:00+00:00,2025-03-28 06:00:00+00:00,1.0
2025-03-28 06:30:00+00:00,2025-03-28 06:30:00+00:00,8.835010101010102
2025-03-28 07:00:00+00:00,2025-03-28 07:00:00+00:00,6.0329999999999995
2025-03-28 07:30:00+00:00,2025-03-28 07:30:00+00:00,6.479000000000001
2025-03-28 08:00:00+00:00,2025-03-28 08:00:00+00:00,5.121
2025-03-28 08:30:00+00:00,2025-03-28 08:30:00+00:00,5.531000000000001
2025-03-28 09:00:00+00:00,2025-03-28 09:00:00+00:00,3.589
2025-03-28 09:30:00+00:00,2025-03-28 09:30:00+00:00,3.2299999999999995
2025-03-28 10:00:00+00:00,2025-03-28 10:00:00+00:00,2.587
2025-03-28 10:30:00+00:00,2025-03-28 10:30:00+00:00,2.088
2025-03-28 11:00:00+00:00,2025-03-28 11:00:00+00:00,0.119
2025-03-28 11:30:00+00:00,2025-03-28 11:30:00+00:00,-0.507
2025-03-28 12:00:00+00:00,2025-03-28 12:00:00+00:00,-0.4
2025-03-28 12:30:00+00:00,2025-03-28 12:30:00+00:00,-0.4
2025-03-28 13:00:00+00:00,2025-03-28 13:00:00+00:00,-1.387
2025-03-28 13:30:00+00:00,2025-03-28 13:30:00+00:00,-0.9347535450093896
2025-03-28 14:00:00+00:00,2025-03-28 14:00:00+00:00,-0.263
2025-03-28 14:30:00+00:00,2025-03-28 14:30:00+00:00,-1.387
2025-03-28 15:00:00+00:00,2025-03-28 15:00:00+00:00,-1.05
2025-03-28 15:30:00+00:00,2025-03-28 15:30:00+00:00,4.057
2025-03-28 16:00:00+00:00,2025-03-28 16:00:00+00:00,10.370999999999999
2025-03-28 16:30:00+00:00,2025-03-28 16:30:00+00:00,10.899983576942027
2025-03-28 17:00:00+00:00,2025-03-28 17:00:00+00:00,9.453
2025-03-28 17:30:00+00:00,2025-03-28 17:30:00+00:00,10.258
2025-03-28 18:00:00+00:00,2025-03-28 18:00:00+00:00,7.0
2025-03-28 18:30:00+00:00,2025-03-28 18:30:00+00:00,11.289
2025-03-28 19:00:00+00:00,2025-03-28 19:00:00+00:00,10.317
2025-03-28 19:30:00+00:00,2025-03-28 19:30:00+00:00,8.123218595218157
2025-03-28 20:00:00+00:00,2025-03-28 20:00:00+00:00,11.8
2025-03-28 20:30:00+00:00,2025-03-28 20:30:00+00:00,10.18059121520705
2025-03-28 21:00:00+00:00,2025-03-28 21:00:00+00:00,7.01
2025-03-28 21:30:00+00:00,2025-03-28 21:30:00+00:00,11.4
2025-03-28 22:00:00+00:00,2025-03-28 22:00:00+00:00,7.3992215514487185
2025-03-28 22:30:00+00:00,2025-03-28 22:30:00+00:00,10.8
2025-03-28 23:00:00+00:00,2025-03-28 23:00:00+00:00,10.39
2025-03-28 23:30:00+00:00,2025-03-28 23:30:00+00:00,10.39
2025-03-29 00:00:00+00:00,2025-03-29 00:00:00+00:00,6.2
2025-03-29 00:30:00+00:00,2025-03-29 00:30:00+00:00,8.764
2025-03-29 01:00:00+00:00,2025-03-29 01:00:00+00:00,2.7030000000000003
2025-03-29 01:30:00+00:00,2025-03-29 01:30:00+00:00,2.7030000000000003
2025-03-29 02:00:00+00:00,2025-03-29 02:00:00+00:00,5.6579999999999995
2025-03-29 02:30:00+00:00,2025-03-29 02:30:00+00:00,7.519
2025-03-29 03:00:00+00:00,2025-03-29 03:00:00+00:00,6.316
2025-03-29 03:30:00+00:00,2025-03-29 03:30:00+00:00,6.316
2025-03-29 04:00:00+00:00,2025-03-29 04:00:00+00:00,6.235
2025-03-29 04:30:00+00:00,2025-03-29 04:30:00+00:00,7.618
2025-03-29 05:00:00+00:00,2025-03-29 05:00:00+00:00,10.99
2025-03-29 05:30:00+00:00,2025-03-29 05:30:00+00:00,11.5
2025-03-29 06:00:00+00:00,2025-03-29 06:00:00+00:00,10.99
2025-03-29 06:30:00+00:00,2025-03-29 06:30:00+00:00,10.99
2025-03-29 07:00:00+00:00,2025-03-29 07:00:00+00:00,10.99
2025-03-29 07:30:00+00:00,2025-03-29 07:30:00+00:00,11.8
2025-03-29 08:00:00+00:00,2025-03-29 08:00:00+00:00,11.4
2025-03-29 08:30:00+00:00,2025-03-29 08:30:00+00:00,11.39
2025-03-29 09:00:00+00:00,2025-03-29 09:00:00+00:00,10.99
2025-03-29 09:30:00+00:00,2025-03-29 09:30:00+00:00,1.2
2025-03-29 10:00:00+00:00,2025-03-29 10:00:00+00:00,-0.046
2025-03-29 10:30:00+00:00,2025-03-29 10:30:00+00:00,-0.046
2025-03-29 11:00:00+00:00,2025-03-29 11:00:00+00:00,-0.046
2025-03-29 11:30:00+00:00,2025-03-29 11:30:00+00:00,-1.7510000000000001
2025-03-29 12:00:00+00:00,2025-03-29 12:00:00+00:00,-1.042
2025-03-29 12:30:00+00:00,2025-03-29 12:30:00+00:00,-3.8316590127014734
2025-03-29 13:00:00+00:00,2025-03-29 13:00:00+00:00,-1.042
2025-03-29 13:30:00+00:00,2025-03-29 13:30:00+00:00,-1.042
2025-03-29 14:00:00+00:00,2025-03-29 14:00:00+00:00,-0.32599999999999996
2025-03-29 14:30:00+00:00,2025-03-29 14:30:00+00:00,-0.046
2025-03-29 15:00:00+00:00,2025-03-29 15:00:00+00:00,-0.046
2025-03-29 15:30:00+00:00,2025-03-29 15:30:00+00:00,8.237
2025-03-29 16:00:00+00:00,2025-03-29 16:00:00+00:00,9.539
2025-03-29 16:30:00+00:00,2025-03-29 16:30:00+00:00,11.018
2025-03-29 17:00:00+00:00,2025-03-29 17:00:00+00:00,9.9
2025-03-29 17:30:00+00:00,2025-03-29 17:30:00+00:00,10.978
2025-03-29 18:00:00+00:00,2025-03-29 18:00:00+00:00,11.9
2025-03-29 18:30:00+00:00,2025-03-29 18:30:00+00:00,11.95
2025-03-29 19:00:00+00:00,2025-03-29 19:00:00+00:00,11.5
2025-03-29 19:30:00+00:00,2025-03-29 19:30:00+00:00,4.3
2025-03-29 20:00:00+00:00,2025-03-29 20:00:00+00:00,0.0
2025-03-29 20:30:00+00:00,2025-03-29 20:30:00+00:00,-0.046
2025-03-29 21:00:00+00:00,2025-03-29 21:00:00+00:00,-0.046
2025-03-29 21:30:00+00:00,2025-03-29 21:30:00+00:00,1.447
2025-03-29 22:00:00+00:00,2025-03-29 22:00:00+00:00,10.3
2025-03-29 22:30:00+00:00,2025-03-29 22:30:00+00:00,1.6320000000000001
2025-03-29 23:00:00+00:00,2025-03-29 23:00:00+00:00,-0.046
2025-03-29 23:30:00+00:00,2025-03-29 23:30:00+00:00,1.47
2025-03-30 00:00:00+00:00,2025-03-30 00:00:00+00:00,1.111
2025-03-30 00:30:00+00:00,2025-03-30 00:30:00+00:00,1.2369999999999999
2025-03-30 01:00:00+00:00,2025-03-30 02:00:00+01:00,5.2
2025-03-30 01:30:00+00:00,2025-03-30 02:30:00+01:00,-0.47300000000000003
2025-03-30 02:00:00+00:00,2025-03-30 03:00:00+01:00,-0.622
2025-03-30 02:30:00+00:00,2025-03-30 03:30:00+01:00,-0.859
2025-03-30 03:00:00+00:00,2025-03-30 04:00:00+01:00,-2.6680062232242934
2025-03-30 03:30:00+00:00,2025-03-30 04:30:00+01:00,-0.9560000000000001
2025-03-30 04:00:00+00:00,2025-03-30 05:00:00+01:00,-0.8560000000000001
2025-03-30 04:30:00+00:00,2025-03-30 05:30:00+01:00,-0.5559999999999999
2025-03-30 05:00:00+00:00,2025-03-30 06:00:00+01:00,0.21200000000000002
2025-03-30 05:30:00+00:00,2025-03-30 06:30:00+01:00,-0.266
2025-03-30 06:00:00+00:00,2025-03-30 07:00:00+01:00,0.881
2025-03-30 06:30:00+00:00,2025-03-30 07:30:00+01:00,1.02
2025-03-30 07:00:00+00:00,2025-03-30 08:00:00+01:00,1.093
2025-03-30 07:30:00+00:00,2025-03-30 08:30:00+01:00,-0.273
2025-03-30 08:00:00+00:00,2025-03-30 09:00:00+01:00,-2.866
2025-03-30 08:30:00+00:00,2025-03-30 09:30:00+01:00,-4.379
2025-03-30 09:00:00+00:00,2025-03-30 10:00:00+01:00,-4.379
2025-03-30 09:30:00+00:00,2025-03-30 10:30:00+01:00,-7.0
2025-03-30 10:00:00+00:00,2025-03-30 11:00:00+01:00,-4.379
2025-03-30 10:30:00+00:00,2025-03-30 11:30:00+01:00,-4.386
2025-03-30 11:00:00+00:00,2025-03-30 12:00:00+01:00,-4.379
2025-03-30 11:30:00+00:00,2025-03-30 12:30:00+01:00,-4.630587915033287
2025-03-30 12:00:00+00:00,2025-03-30 13:00:00+01:00,-3.0
2025-03-30 12:30:00+00:00,2025-03-30 13:30:00+01:00,-1.387
2025-03-30 13:00:00+00:00,2025-03-30 14:00:00+01:00,-4.379
2025-03-30 13:30:00+00:00,2025-03-30 14:30:00+01:00,-2.90062055307273
2025-03-30 14:00:00+00:00,2025-03-30 15:00:00+01:00,-9.5
2025-03-30 14:30:00+00:00,2025-03-30 15:30:00+01:00,-5.470000000000001
2025-03-30 15:00:00+00:00,2025-03-30 16:00:00+01:00,-1.05
2025-03-30 15:30:00+00:00,2025-03-30 16:30:00+01:00,-0.046
2025-03-30 16:00:00+00:00,2025-03-30 17:00:00+01:00,-0.046
2025-03-30 16:30:00+00:00,2025-03-30 17:30:00+01:00,3.5
2025-03-30 17:00:00+00:00,2025-03-30 18:00:00+01:00,5.0
2025-03-30 17:30:00+00:00,2025-03-30 18:30:00+01:00,7.01
2025-03-30 18:00:00+00:00,2025-03-30 19:00:00+01:00,7.01
2025-03-30 18:30:00+00:00,2025-03-30 19:30:00+01:00,7.01
2025-03-30 19:00:00+00:00,2025-03-30 20:00:00+01:00,11.95
2025-03-30 19:30:00+00:00,2025-03-30 20:30:00+01:00,11.95
2025-03-30 20:00:00+00:00,2025-03-30 21:00:00+01:00,11.95
2025-03-30 20:30:00+00:00,2025-03-30 21:30:00+01:00,7.579000000000001
2025-03-30 21:00:00+00:00,2025-03-30 22:00:00+01:00,11.95
2025-03-30 21:30:00+00:00,2025-03-30 22:30:00+01:00,7.01
2025-03-30 22:00:00+00:00,2025-03-30 23:00:00+01:00,7.0
2025-03-30 22:30:00+00:00,2025-03-30 23:30:00+01:00,7.020999999999999
2025-03-30 23:00:00+00:00,2025-03-31 00:00:00+01:00,10.425
2025-03-30 23:30:00+00:00,2025-03-31 00:30:00+01:00,7.15
2025-03-31 00:00:00+00:00,2025-03-31 01:00:00+01:00,7.034999999999999
2025-03-31 00:30:00+00:00,2025-03-31 01:30:00+01:00,7.034999999999999
2025-03-31 01:00:00+00:00,2025-03-31 02:00:00+01:00,7.034999999999999
2025-03-31 01:30:00+00:00,2025-03-31 02:30:00+01:00,7.034999999999999
2025-03-31 02:00:00+00:00,2025-03-31 03:00:00+01:00,7.15
2025-03-31 02:30:00+00:00,2025-03-31 03:30:00+01:00,7.15
2025-03-31 03:00:00+00:00,2025-03-31 04:00:00+01:00,4.906000000000001
2025-03-31 03:30:00+00:00,2025-03-31 04:30:00+01:00,4.906000000000001
2025-03-31 04:00:00+00:00,2025-03-31 05:00:00+01:00,6.005
2025-03-31 04:30:00+00:00,2025-03-31 05:30:00+01:00,6.005
2025-03-31 05:00:00+00:00,2025-03-31 06:00:00+01:00,12.1
2025-03-31 05:30:00+00:00,2025-03-31 06:30:00+01:00,12.739
2025-03-31 06:00:00+00:00,2025-03-31 07:00:00+01:00,14.959999999999999
2025-03-31 06:30:00+00:00,2025-03-31 07:30:00+01:00,14.959999999999999
2025-03-31 07:00:00+00:00,2025-03-31 08:00:00+01:00,12.1
2025-03-31 07:30:00+00:00,2025-03-31 08:30:00+01:00,12.1
2025-03-31 08:00:00+00:00,2025-03-31 09:00:00+01:00,12.1
2025-03-31 08:30:00+00:00,2025-03-31 09:30:00+01:00,7.551
2025-03-31 09:00:00+00:00,2025-03-31 10:00:00+01:00,7.205
2025-03-31 09:30:00+00:00,2025-03-31 10:30:00+01:00,7.2010000000000005
2025-03-31 10:00:00+00:00,2025-03-31 11:00:00+01:00,7.5
2025-03-31 10:30:00+00:00,2025-03-31 11:30:00+01:00,7.205
2025-03-31 11:00:00+00:00,2025-03-31 12:00:00+01:00,7.205
2025-03-31 11:30:00+00:00,2025-03-31 12:30:00+01:00,7.205
2025-03-31 12:00:00+00:00,2025-03-31 13:00:00+01:00,7.205
2025-03-31 12:30:00+00:00,2025-03-31 13:30:00+01:00,7.5
2025-03-31 13:00:00+00:00,2025-03-31 14:00:00+01:00,7.205
2025-03-31 13:30:00+00:00,2025-03-31 14:30:00+01:00,7.5
2025-03-31 14:00:00+00:00,2025-03-31 15:00:00+01:00,7.5
2025-03-31 14:30:00+00:00,2025-03-31 15:30:00+01:00,7.25
2025-03-31 15:00:00+00:00,2025-03-31 16:00:00+01:00,7.25
2025-03-31 15:30:00+00:00,2025-03-31 16:30:00+01:00,6.16549189944644
2025-03-31 16:00:00+00:00,2025-03-31 17:00:00+01:00,11.11
2025-03-31 16:30:00+00:00,2025-03-31 17:30:00+01:00,11.900024828271125
2025-03-31 17:00:00+00:00,2025-03-31 18:00:00+01:00,15.5
2025-03-31 17:30:00+00:00,2025-03-31 18:30:00+01:00,15.5
2025-03-31 18:00:00+00:00,2025-03-31 19:00:00+01:00,14.481
2025-03-31 18:30:00+00:00,2025-03-31 19:30:00+01:00,14.6
2025-03-31 19:00:00+00:00,2025-03-31 20:00:00+01:00,13.3
2025-03-31 19:30:00+00:00,2025-03-31 20:30:00+01:00,11.802
2025-03-31 20:00:00+00:00,2025-03-31 21:00:00+01:00,10.9
2025-03-31 20:30:00+00:00,2025-03-31 21:30:00+01:00,7.279999999999999
2025-03-31 21:00:00+00:00,2025-03-31 22:00:00+01:00,7.276999999999999
2025-03-31 21:30:00+00:00,2025-03-31 22:30:00+01:00,7.276999999999999
2025-03-31 22:00:00+00:00,2025-03-31 23:00:00+01:00,5.225
2025-03-31 22:30:00+00:00,2025-03-31 23:30:00+01:00,7.276999999999999
