spUTCTime,spClockTime,volume
2025-02-01 00:00:00+00:00,2025-02-01 00:00:00+00:00,-146.91030543530545
2025-02-01 00:30:00+00:00,2025-02-01 00:30:00+00:00,-279.494328427698
2025-02-01 01:00:00+00:00,2025-02-01 01:00:00+00:00,-299.0909017335004
2025-02-01 01:30:00+00:00,2025-02-01 01:30:00+00:00,-487.2910988765401
2025-02-01 02:00:00+00:00,2025-02-01 02:00:00+00:00,-367.7659521034521
2025-02-01 02:30:00+00:00,2025-02-01 02:30:00+00:00,-401.7224309205287
2025-02-01 03:00:00+00:00,2025-02-01 03:00:00+00:00,-43.18149878213976
2025-02-01 03:30:00+00:00,2025-02-01 03:30:00+00:00,-189.41206539064007
2025-02-01 04:00:00+00:00,2025-02-01 04:00:00+00:00,-103.32961164652342
2025-02-01 04:30:00+00:00,2025-02-01 04:30:00+00:00,-193.90768690223777
2025-02-01 05:00:00+00:00,2025-02-01 05:00:00+00:00,-229.6833001162316
2025-02-01 05:30:00+00:00,2025-02-01 05:30:00+00:00,-300.191
2025-02-01 06:00:00+00:00,2025-02-01 06:00:00+00:00,-55.63308966861599
2025-02-01 06:30:00+00:00,2025-02-01 06:30:00+00:00,57.299787037037035
2025-02-01 07:00:00+00:00,2025-02-01 07:00:00+00:00,337.04877416666665
2025-02-01 07:30:00+00:00,2025-02-01 07:30:00+00:00,295.2773893055556
2025-02-01 08:00:00+00:00,2025-02-01 08:00:00+00:00,414.4384975
2025-02-01 08:30:00+00:00,2025-02-01 08:30:00+00:00,566.1373333333333
2025-02-01 09:00:00+00:00,2025-02-01 09:00:00+00:00,83.0830625
2025-02-01 09:30:00+00:00,2025-02-01 09:30:00+00:00,-159.5293081027641
2025-02-01 10:00:00+00:00,2025-02-01 10:00:00+00:00,-375.4008447420635
2025-02-01 10:30:00+00:00,2025-02-01 10:30:00+00:00,56.92215659220355
2025-02-01 11:00:00+00:00,2025-02-01 11:00:00+00:00,88.52176031687675
2025-02-01 11:30:00+00:00,2025-02-01 11:30:00+00:00,-82.52798471288516
2025-02-01 12:00:00+00:00,2025-02-01 12:00:00+00:00,269.48559180555554
2025-02-01 12:30:00+00:00,2025-02-01 12:30:00+00:00,780.8716933498657
2025-02-01 13:00:00+00:00,2025-02-01 13:00:00+00:00,1058.346039171555
2025-02-01 13:30:00+00:00,2025-02-01 13:30:00+00:00,521.4295136813187
2025-02-01 14:00:00+00:00,2025-02-01 14:00:00+00:00,25.271077452995875
2025-02-01 14:30:00+00:00,2025-02-01 14:30:00+00:00,37.659679818121695
2025-02-01 15:00:00+00:00,2025-02-01 15:00:00+00:00,128.48791944900793
2025-02-01 15:30:00+00:00,2025-02-01 15:30:00+00:00,10.191435185185185
2025-02-01 16:00:00+00:00,2025-02-01 16:00:00+00:00,-188.0531432748538
2025-02-01 16:30:00+00:00,2025-02-01 16:30:00+00:00,131.03780745808476
2025-02-01 17:00:00+00:00,2025-02-01 17:00:00+00:00,-30.996321251803753
2025-02-01 17:30:00+00:00,2025-02-01 17:30:00+00:00,280.53777757575756
2025-02-01 18:00:00+00:00,2025-02-01 18:00:00+00:00,358.40169774386106
2025-02-01 18:30:00+00:00,2025-02-01 18:30:00+00:00,339.10889684907835
2025-02-01 19:00:00+00:00,2025-02-01 19:00:00+00:00,341.4753717021924
2025-02-01 19:30:00+00:00,2025-02-01 19:30:00+00:00,272.972962962963
2025-02-01 20:00:00+00:00,2025-02-01 20:00:00+00:00,175.9543611071701
2025-02-01 20:30:00+00:00,2025-02-01 20:30:00+00:00,329.5493574626762
2025-02-01 21:00:00+00:00,2025-02-01 21:00:00+00:00,440.1426048809524
2025-02-01 21:30:00+00:00,2025-02-01 21:30:00+00:00,-146.25480083333332
2025-02-01 22:00:00+00:00,2025-02-01 22:00:00+00:00,-124.62159722222222
2025-02-01 22:30:00+00:00,2025-02-01 22:30:00+00:00,-42.9403227124183
2025-02-01 23:00:00+00:00,2025-02-01 23:00:00+00:00,52.08488625
2025-02-01 23:30:00+00:00,2025-02-01 23:30:00+00:00,360.3926103948802
2025-02-02 00:00:00+00:00,2025-02-02 00:00:00+00:00,187.66083362493103
2025-02-02 00:30:00+00:00,2025-02-02 00:30:00+00:00,392.6947749963925
2025-02-02 01:00:00+00:00,2025-02-02 01:00:00+00:00,191.32473436977767
2025-02-02 01:30:00+00:00,2025-02-02 01:30:00+00:00,106.76714549339549
2025-02-02 02:00:00+00:00,2025-02-02 02:00:00+00:00,253.46409208781245
2025-02-02 02:30:00+00:00,2025-02-02 02:30:00+00:00,207.73887650676937
2025-02-02 03:00:00+00:00,2025-02-02 03:00:00+00:00,43.91706253444665
2025-02-02 03:30:00+00:00,2025-02-02 03:30:00+00:00,84.89916666666667
2025-02-02 04:00:00+00:00,2025-02-02 04:00:00+00:00,48.267368614028946
2025-02-02 04:30:00+00:00,2025-02-02 04:30:00+00:00,4.856477824463118
2025-02-02 05:00:00+00:00,2025-02-02 05:00:00+00:00,342.18839355006105
2025-02-02 05:30:00+00:00,2025-02-02 05:30:00+00:00,249.31006189636753
2025-02-02 06:00:00+00:00,2025-02-02 06:00:00+00:00,-22.23902890432099
2025-02-02 06:30:00+00:00,2025-02-02 06:30:00+00:00,-114.73791722222222
2025-02-02 07:00:00+00:00,2025-02-02 07:00:00+00:00,-78.51661305976431
2025-02-02 07:30:00+00:00,2025-02-02 07:30:00+00:00,186.18156745253242
2025-02-02 08:00:00+00:00,2025-02-02 08:00:00+00:00,328.6837248412639
2025-02-02 08:30:00+00:00,2025-02-02 08:30:00+00:00,611.5190423317307
2025-02-02 09:00:00+00:00,2025-02-02 09:00:00+00:00,-92.47168639336918
2025-02-02 09:30:00+00:00,2025-02-02 09:30:00+00:00,-290.9585317460317
2025-02-02 10:00:00+00:00,2025-02-02 10:00:00+00:00,-602.5760415620491
2025-02-02 10:30:00+00:00,2025-02-02 10:30:00+00:00,-431.67065531041385
2025-02-02 11:00:00+00:00,2025-02-02 11:00:00+00:00,-1200.26082565532
2025-02-02 11:30:00+00:00,2025-02-02 11:30:00+00:00,-832.7597474171575
2025-02-02 12:00:00+00:00,2025-02-02 12:00:00+00:00,-453.9167050330688
2025-02-02 12:30:00+00:00,2025-02-02 12:30:00+00:00,-438.856191025641
2025-02-02 13:00:00+00:00,2025-02-02 13:00:00+00:00,-97.49142262820513
2025-02-02 13:30:00+00:00,2025-02-02 13:30:00+00:00,133.20526869237278
2025-02-02 14:00:00+00:00,2025-02-02 14:00:00+00:00,-46.822103675213675
2025-02-02 14:30:00+00:00,2025-02-02 14:30:00+00:00,-382.8976047440551
2025-02-02 15:00:00+00:00,2025-02-02 15:00:00+00:00,-294.8335350877193
2025-02-02 15:30:00+00:00,2025-02-02 15:30:00+00:00,-341.3134761904762
2025-02-02 16:00:00+00:00,2025-02-02 16:00:00+00:00,-491.22672422619047
2025-02-02 16:30:00+00:00,2025-02-02 16:30:00+00:00,-194.5687142857143
2025-02-02 17:00:00+00:00,2025-02-02 17:00:00+00:00,-27.709262777777777
2025-02-02 17:30:00+00:00,2025-02-02 17:30:00+00:00,-22.127166666666668
2025-02-02 18:00:00+00:00,2025-02-02 18:00:00+00:00,6.552
2025-02-02 18:30:00+00:00,2025-02-02 18:30:00+00:00,-1.8063333333333333
2025-02-02 19:00:00+00:00,2025-02-02 19:00:00+00:00,-17.33287037037037
2025-02-02 19:30:00+00:00,2025-02-02 19:30:00+00:00,-407.7463817340067
2025-02-02 20:00:00+00:00,2025-02-02 20:00:00+00:00,-352.76071109006733
2025-02-02 20:30:00+00:00,2025-02-02 20:30:00+00:00,-515.8320367602959
2025-02-02 21:00:00+00:00,2025-02-02 21:00:00+00:00,-293.5917008009599
2025-02-02 21:30:00+00:00,2025-02-02 21:30:00+00:00,157.47585516224228
2025-02-02 22:00:00+00:00,2025-02-02 22:00:00+00:00,639.3394173695286
2025-02-02 22:30:00+00:00,2025-02-02 22:30:00+00:00,181.37314535353536
2025-02-02 23:00:00+00:00,2025-02-02 23:00:00+00:00,-634.5361111111112
2025-02-02 23:30:00+00:00,2025-02-02 23:30:00+00:00,-634.5155982734204
2025-02-03 00:00:00+00:00,2025-02-03 00:00:00+00:00,-92.19670037037037
2025-02-03 00:30:00+00:00,2025-02-03 00:30:00+00:00,-318.81251831501834
2025-02-03 01:00:00+00:00,2025-02-03 01:00:00+00:00,-1051.4177421230158
2025-02-03 01:30:00+00:00,2025-02-03 01:30:00+00:00,-982.6596111111111
2025-02-03 02:00:00+00:00,2025-02-03 02:00:00+00:00,-1290.7125048809523
2025-02-03 02:30:00+00:00,2025-02-03 02:30:00+00:00,-1351.5933483821734
2025-02-03 03:00:00+00:00,2025-02-03 03:00:00+00:00,-961.4866909159684
2025-02-03 03:30:00+00:00,2025-02-03 03:30:00+00:00,-876.0167311798089
2025-02-03 04:00:00+00:00,2025-02-03 04:00:00+00:00,-854.1443961706349
2025-02-03 04:30:00+00:00,2025-02-03 04:30:00+00:00,-938.4920273435223
2025-02-03 05:00:00+00:00,2025-02-03 05:00:00+00:00,-240.28355625840646
2025-02-03 05:30:00+00:00,2025-02-03 05:30:00+00:00,-94.07000629870758
2025-02-03 06:00:00+00:00,2025-02-03 06:00:00+00:00,-205.7506691375239
2025-02-03 06:30:00+00:00,2025-02-03 06:30:00+00:00,154.74235954785954
2025-02-03 07:00:00+00:00,2025-02-03 07:00:00+00:00,538.5350015203048
2025-02-03 07:30:00+00:00,2025-02-03 07:30:00+00:00,631.3811490040276
2025-02-03 08:00:00+00:00,2025-02-03 08:00:00+00:00,-82.62511304438158
2025-02-03 08:30:00+00:00,2025-02-03 08:30:00+00:00,-136.14930118055557
2025-02-03 09:00:00+00:00,2025-02-03 09:00:00+00:00,-564.9535972222222
2025-02-03 09:30:00+00:00,2025-02-03 09:30:00+00:00,-541.2916879969252
2025-02-03 10:00:00+00:00,2025-02-03 10:00:00+00:00,-548.8063368650794
2025-02-03 10:30:00+00:00,2025-02-03 10:30:00+00:00,121.72299166352589
2025-02-03 11:00:00+00:00,2025-02-03 11:00:00+00:00,60.40878535884098
2025-02-03 11:30:00+00:00,2025-02-03 11:30:00+00:00,72.18655898148148
2025-02-03 12:00:00+00:00,2025-02-03 12:00:00+00:00,-147.79727752305533
2025-02-03 12:30:00+00:00,2025-02-03 12:30:00+00:00,-299.49997150641025
2025-02-03 13:00:00+00:00,2025-02-03 13:00:00+00:00,-385.2231996523548
2025-02-03 13:30:00+00:00,2025-02-03 13:30:00+00:00,-501.7162236133387
2025-02-03 14:00:00+00:00,2025-02-03 14:00:00+00:00,-236.15911660933904
2025-02-03 14:30:00+00:00,2025-02-03 14:30:00+00:00,-448.29103494242685
2025-02-03 15:00:00+00:00,2025-02-03 15:00:00+00:00,-436.34816252289266
2025-02-03 15:30:00+00:00,2025-02-03 15:30:00+00:00,-512.908138872478
2025-02-03 16:00:00+00:00,2025-02-03 16:00:00+00:00,19.682067380952383
2025-02-03 16:30:00+00:00,2025-02-03 16:30:00+00:00,-212.24905133116883
2025-02-03 17:00:00+00:00,2025-02-03 17:00:00+00:00,119.86781848252161
2025-02-03 17:30:00+00:00,2025-02-03 17:30:00+00:00,45.73277636864166
2025-02-03 18:00:00+00:00,2025-02-03 18:00:00+00:00,-44.32793252213632
2025-02-03 18:30:00+00:00,2025-02-03 18:30:00+00:00,91.55876767608342
2025-02-03 19:00:00+00:00,2025-02-03 19:00:00+00:00,159.97023311999698
2025-02-03 19:30:00+00:00,2025-02-03 19:30:00+00:00,-82.50935138137338
2025-02-03 20:00:00+00:00,2025-02-03 20:00:00+00:00,-364.1150916266172
2025-02-03 20:30:00+00:00,2025-02-03 20:30:00+00:00,51.44164194654187
2025-02-03 21:00:00+00:00,2025-02-03 21:00:00+00:00,61.669677627757984
2025-02-03 21:30:00+00:00,2025-02-03 21:30:00+00:00,197.4460099550907
2025-02-03 22:00:00+00:00,2025-02-03 22:00:00+00:00,-55.533768685663894
2025-02-03 22:30:00+00:00,2025-02-03 22:30:00+00:00,-597.3145804116483
2025-02-03 23:00:00+00:00,2025-02-03 23:00:00+00:00,-157.5031926513374
2025-02-03 23:30:00+00:00,2025-02-03 23:30:00+00:00,-170.75462962962962
2025-02-04 00:00:00+00:00,2025-02-04 00:00:00+00:00,144.98973012899137
2025-02-04 00:30:00+00:00,2025-02-04 00:30:00+00:00,187.82763684361933
2025-02-04 01:00:00+00:00,2025-02-04 01:00:00+00:00,-50.3598037053287
2025-02-04 01:30:00+00:00,2025-02-04 01:30:00+00:00,10.492014166666667
2025-02-04 02:00:00+00:00,2025-02-04 02:00:00+00:00,-29.11420725
2025-02-04 02:30:00+00:00,2025-02-04 02:30:00+00:00,380.2337441137566
2025-02-04 03:00:00+00:00,2025-02-04 03:00:00+00:00,450.75946508105324
2025-02-04 03:30:00+00:00,2025-02-04 03:30:00+00:00,202.94590073412698
2025-02-04 04:00:00+00:00,2025-02-04 04:00:00+00:00,300.8192325
2025-02-04 04:30:00+00:00,2025-02-04 04:30:00+00:00,449.42092938797316
2025-02-04 05:00:00+00:00,2025-02-04 05:00:00+00:00,289.9306990910818
2025-02-04 05:30:00+00:00,2025-02-04 05:30:00+00:00,39.42810689381407
2025-02-04 06:00:00+00:00,2025-02-04 06:00:00+00:00,347.92418617542404
2025-02-04 06:30:00+00:00,2025-02-04 06:30:00+00:00,269.4022733597024
2025-02-04 07:00:00+00:00,2025-02-04 07:00:00+00:00,302.31116436452686
2025-02-04 07:30:00+00:00,2025-02-04 07:30:00+00:00,504.63485731146045
2025-02-04 08:00:00+00:00,2025-02-04 08:00:00+00:00,-110.58723325739538
2025-02-04 08:30:00+00:00,2025-02-04 08:30:00+00:00,16.846327561969343
2025-02-04 09:00:00+00:00,2025-02-04 09:00:00+00:00,6.604837570997305
2025-02-04 09:30:00+00:00,2025-02-04 09:30:00+00:00,-125.65881673775215
2025-02-04 10:00:00+00:00,2025-02-04 10:00:00+00:00,-35.928549172771675
2025-02-04 10:30:00+00:00,2025-02-04 10:30:00+00:00,-0.4567174343711844
2025-02-04 11:00:00+00:00,2025-02-04 11:00:00+00:00,-383.8610292748918
2025-02-04 11:30:00+00:00,2025-02-04 11:30:00+00:00,-79.45740950396825
2025-02-04 12:00:00+00:00,2025-02-04 12:00:00+00:00,-180.43653273114106
2025-02-04 12:30:00+00:00,2025-02-04 12:30:00+00:00,244.76333166666666
2025-02-04 13:00:00+00:00,2025-02-04 13:00:00+00:00,803.6121925052948
2025-02-04 13:30:00+00:00,2025-02-04 13:30:00+00:00,93.41469880026067
2025-02-04 14:00:00+00:00,2025-02-04 14:00:00+00:00,-75.7263695729405
2025-02-04 14:30:00+00:00,2025-02-04 14:30:00+00:00,-237.0094974032352
2025-02-04 15:00:00+00:00,2025-02-04 15:00:00+00:00,6.430384615384615
2025-02-04 15:30:00+00:00,2025-02-04 15:30:00+00:00,-182.71333333333334
2025-02-04 16:00:00+00:00,2025-02-04 16:00:00+00:00,242.2588451264245
2025-02-04 16:30:00+00:00,2025-02-04 16:30:00+00:00,486.4764171329365
2025-02-04 17:00:00+00:00,2025-02-04 17:00:00+00:00,483.6065952777778
2025-02-04 17:30:00+00:00,2025-02-04 17:30:00+00:00,897.5585892592593
2025-02-04 18:00:00+00:00,2025-02-04 18:00:00+00:00,560.7313745859789
2025-02-04 18:30:00+00:00,2025-02-04 18:30:00+00:00,387.8198116287879
2025-02-04 19:00:00+00:00,2025-02-04 19:00:00+00:00,624.1796393217893
2025-02-04 19:30:00+00:00,2025-02-04 19:30:00+00:00,506.13430208333335
2025-02-04 20:00:00+00:00,2025-02-04 20:00:00+00:00,25.048877495331467
2025-02-04 20:30:00+00:00,2025-02-04 20:30:00+00:00,30.5365161229983
2025-02-04 21:00:00+00:00,2025-02-04 21:00:00+00:00,-1.8784700887885264
2025-02-04 21:30:00+00:00,2025-02-04 21:30:00+00:00,196.75210566498316
2025-02-04 22:00:00+00:00,2025-02-04 22:00:00+00:00,67.94246825014855
2025-02-04 22:30:00+00:00,2025-02-04 22:30:00+00:00,-39.57058983164983
2025-02-04 23:00:00+00:00,2025-02-04 23:00:00+00:00,142.50337301587302
2025-02-04 23:30:00+00:00,2025-02-04 23:30:00+00:00,80.95363395323214
2025-02-05 00:00:00+00:00,2025-02-05 00:00:00+00:00,72.52421569444445
2025-02-05 00:30:00+00:00,2025-02-05 00:30:00+00:00,44.53635513888889
2025-02-05 01:00:00+00:00,2025-02-05 01:00:00+00:00,206.0007036111111
2025-02-05 01:30:00+00:00,2025-02-05 01:30:00+00:00,289.3119902083333
2025-02-05 02:00:00+00:00,2025-02-05 02:00:00+00:00,102.2489315
2025-02-05 02:30:00+00:00,2025-02-05 02:30:00+00:00,188.66409624183007
2025-02-05 03:00:00+00:00,2025-02-05 03:00:00+00:00,32.771385709228134
2025-02-05 03:30:00+00:00,2025-02-05 03:30:00+00:00,1.418287527339789
2025-02-05 04:00:00+00:00,2025-02-05 04:00:00+00:00,8.094406498762588
2025-02-05 04:30:00+00:00,2025-02-05 04:30:00+00:00,7.263041744438585
2025-02-05 05:00:00+00:00,2025-02-05 05:00:00+00:00,167.50881798279454
2025-02-05 05:30:00+00:00,2025-02-05 05:30:00+00:00,-14.870311663764346
2025-02-05 06:00:00+00:00,2025-02-05 06:00:00+00:00,341.1682921209809
2025-02-05 06:30:00+00:00,2025-02-05 06:30:00+00:00,101.88104276541515
2025-02-05 07:00:00+00:00,2025-02-05 07:00:00+00:00,450.9245927960928
2025-02-05 07:30:00+00:00,2025-02-05 07:30:00+00:00,784.5867179380342
2025-02-05 08:00:00+00:00,2025-02-05 08:00:00+00:00,100.71860744535519
2025-02-05 08:30:00+00:00,2025-02-05 08:30:00+00:00,362.75913012067394
2025-02-05 09:00:00+00:00,2025-02-05 09:00:00+00:00,412.20658259593085
2025-02-05 09:30:00+00:00,2025-02-05 09:30:00+00:00,337.9524543793603
2025-02-05 10:00:00+00:00,2025-02-05 10:00:00+00:00,551.5374959848715
2025-02-05 10:30:00+00:00,2025-02-05 10:30:00+00:00,537.1690347337304
2025-02-05 11:00:00+00:00,2025-02-05 11:00:00+00:00,66.46470903138528
2025-02-05 11:30:00+00:00,2025-02-05 11:30:00+00:00,-355.51666708333335
2025-02-05 12:00:00+00:00,2025-02-05 12:00:00+00:00,-553.3703352639626
2025-02-05 12:30:00+00:00,2025-02-05 12:30:00+00:00,-315.5474358974359
2025-02-05 13:00:00+00:00,2025-02-05 13:00:00+00:00,-77.92890100613243
2025-02-05 13:30:00+00:00,2025-02-05 13:30:00+00:00,88.46646775440391
2025-02-05 14:00:00+00:00,2025-02-05 14:00:00+00:00,-38.56676751446759
2025-02-05 14:30:00+00:00,2025-02-05 14:30:00+00:00,-85.80996378968254
2025-02-05 15:00:00+00:00,2025-02-05 15:00:00+00:00,-30.51458310185185
2025-02-05 15:30:00+00:00,2025-02-05 15:30:00+00:00,-109.72775100912976
2025-02-05 16:00:00+00:00,2025-02-05 16:00:00+00:00,-93.77984448268398
2025-02-05 16:30:00+00:00,2025-02-05 16:30:00+00:00,198.24375852657005
2025-02-05 17:00:00+00:00,2025-02-05 17:00:00+00:00,183.92135103663446
2025-02-05 17:30:00+00:00,2025-02-05 17:30:00+00:00,435.25935933639437
2025-02-05 18:00:00+00:00,2025-02-05 18:00:00+00:00,494.40049167874395
2025-02-05 18:30:00+00:00,2025-02-05 18:30:00+00:00,412.0541132796666
2025-02-05 19:00:00+00:00,2025-02-05 19:00:00+00:00,486.4542080180776
2025-02-05 19:30:00+00:00,2025-02-05 19:30:00+00:00,595.9057644444445
2025-02-05 20:00:00+00:00,2025-02-05 20:00:00+00:00,382.9239351851852
2025-02-05 20:30:00+00:00,2025-02-05 20:30:00+00:00,455.7958855509776
2025-02-05 21:00:00+00:00,2025-02-05 21:00:00+00:00,66.0417062282995
2025-02-05 21:30:00+00:00,2025-02-05 21:30:00+00:00,141.09858111111112
2025-02-05 22:00:00+00:00,2025-02-05 22:00:00+00:00,211.31180437273056
2025-02-05 22:30:00+00:00,2025-02-05 22:30:00+00:00,54.69983863933452
2025-02-05 23:00:00+00:00,2025-02-05 23:00:00+00:00,-307.0890717460317
2025-02-05 23:30:00+00:00,2025-02-05 23:30:00+00:00,-297.0696702248677
2025-02-06 00:00:00+00:00,2025-02-06 00:00:00+00:00,-14.726561800887021
2025-02-06 00:30:00+00:00,2025-02-06 00:30:00+00:00,240.6567781434796
2025-02-06 01:00:00+00:00,2025-02-06 01:00:00+00:00,87.86018796703297
2025-02-06 01:30:00+00:00,2025-02-06 01:30:00+00:00,172.64457671957672
2025-02-06 02:00:00+00:00,2025-02-06 02:00:00+00:00,-8.32373271494709
2025-02-06 02:30:00+00:00,2025-02-06 02:30:00+00:00,40.49829069444444
2025-02-06 03:00:00+00:00,2025-02-06 03:00:00+00:00,141.9761985648148
2025-02-06 03:30:00+00:00,2025-02-06 03:30:00+00:00,57.198238604497355
2025-02-06 04:00:00+00:00,2025-02-06 04:00:00+00:00,170.40440841269842
2025-02-06 04:30:00+00:00,2025-02-06 04:30:00+00:00,-95.54865671157059
2025-02-06 05:00:00+00:00,2025-02-06 05:00:00+00:00,-156.27883503857683
2025-02-06 05:30:00+00:00,2025-02-06 05:30:00+00:00,-71.28411213222785
2025-02-06 06:00:00+00:00,2025-02-06 06:00:00+00:00,30.023718253968255
2025-02-06 06:30:00+00:00,2025-02-06 06:30:00+00:00,80.90185983465608
2025-02-06 07:00:00+00:00,2025-02-06 07:00:00+00:00,60.98713319047619
2025-02-06 07:30:00+00:00,2025-02-06 07:30:00+00:00,242.6600048148148
2025-02-06 08:00:00+00:00,2025-02-06 08:00:00+00:00,-45.12664796590909
2025-02-06 08:30:00+00:00,2025-02-06 08:30:00+00:00,25.167971159983164
2025-02-06 09:00:00+00:00,2025-02-06 09:00:00+00:00,52.55049430555555
2025-02-06 09:30:00+00:00,2025-02-06 09:30:00+00:00,-121.22960367831945
2025-02-06 10:00:00+00:00,2025-02-06 10:00:00+00:00,-69.96298574735648
2025-02-06 10:30:00+00:00,2025-02-06 10:30:00+00:00,-96.98699699074074
2025-02-06 11:00:00+00:00,2025-02-06 11:00:00+00:00,-1.8739642045454545
2025-02-06 11:30:00+00:00,2025-02-06 11:30:00+00:00,-140.1296901010101
2025-02-06 12:00:00+00:00,2025-02-06 12:00:00+00:00,72.19924180555556
2025-02-06 12:30:00+00:00,2025-02-06 12:30:00+00:00,-201.03390537518038
2025-02-06 13:00:00+00:00,2025-02-06 13:00:00+00:00,-56.59340517906915
2025-02-06 13:30:00+00:00,2025-02-06 13:30:00+00:00,-316.99582391436104
2025-02-06 14:00:00+00:00,2025-02-06 14:00:00+00:00,-344.906834782973
2025-02-06 14:30:00+00:00,2025-02-06 14:30:00+00:00,-458.3065106980982
2025-02-06 15:00:00+00:00,2025-02-06 15:00:00+00:00,-511.6415057960558
2025-02-06 15:30:00+00:00,2025-02-06 15:30:00+00:00,-438.63038027777776
2025-02-06 16:00:00+00:00,2025-02-06 16:00:00+00:00,-11.98908419973545
2025-02-06 16:30:00+00:00,2025-02-06 16:30:00+00:00,239.46232166666667
2025-02-06 17:00:00+00:00,2025-02-06 17:00:00+00:00,292.5193972222222
2025-02-06 17:30:00+00:00,2025-02-06 17:30:00+00:00,297.5376977777778
2025-02-06 18:00:00+00:00,2025-02-06 18:00:00+00:00,59.082687428571425
2025-02-06 18:30:00+00:00,2025-02-06 18:30:00+00:00,-63.65840476190476
2025-02-06 19:00:00+00:00,2025-02-06 19:00:00+00:00,-59.796177650513066
2025-02-06 19:30:00+00:00,2025-02-06 19:30:00+00:00,158.80795646545192
2025-02-06 20:00:00+00:00,2025-02-06 20:00:00+00:00,32.53925264550264
2025-02-06 20:30:00+00:00,2025-02-06 20:30:00+00:00,147.345626875
2025-02-06 21:00:00+00:00,2025-02-06 21:00:00+00:00,362.22833329871537
2025-02-06 21:30:00+00:00,2025-02-06 21:30:00+00:00,270.3011873611111
2025-02-06 22:00:00+00:00,2025-02-06 22:00:00+00:00,176.41842055555554
2025-02-06 22:30:00+00:00,2025-02-06 22:30:00+00:00,166.63170695482296
2025-02-06 23:00:00+00:00,2025-02-06 23:00:00+00:00,-319.77426420132156
2025-02-06 23:30:00+00:00,2025-02-06 23:30:00+00:00,-276.79466317460316
2025-02-07 00:00:00+00:00,2025-02-07 00:00:00+00:00,-316.6078437698413
2025-02-07 00:30:00+00:00,2025-02-07 00:30:00+00:00,-180.31336090873015
2025-02-07 01:00:00+00:00,2025-02-07 01:00:00+00:00,-191.66972222222222
2025-02-07 01:30:00+00:00,2025-02-07 01:30:00+00:00,-136.70833333333334
2025-02-07 02:00:00+00:00,2025-02-07 02:00:00+00:00,-153.15416666666667
2025-02-07 02:30:00+00:00,2025-02-07 02:30:00+00:00,-279.1213425925926
2025-02-07 03:00:00+00:00,2025-02-07 03:00:00+00:00,-59.962842712842715
2025-02-07 03:30:00+00:00,2025-02-07 03:30:00+00:00,-76.78730742063492
2025-02-07 04:00:00+00:00,2025-02-07 04:00:00+00:00,143.57414788748832
2025-02-07 04:30:00+00:00,2025-02-07 04:30:00+00:00,323.68306451612904
2025-02-07 05:00:00+00:00,2025-02-07 05:00:00+00:00,320.06759386446885
2025-02-07 05:30:00+00:00,2025-02-07 05:30:00+00:00,525.3346233806471
2025-02-07 06:00:00+00:00,2025-02-07 06:00:00+00:00,379.3090071350409
2025-02-07 06:30:00+00:00,2025-02-07 06:30:00+00:00,77.03603609204794
2025-02-07 07:00:00+00:00,2025-02-07 07:00:00+00:00,-44.22928223395341
2025-02-07 07:30:00+00:00,2025-02-07 07:30:00+00:00,-114.83669774234752
2025-02-07 08:00:00+00:00,2025-02-07 08:00:00+00:00,22.743237904040406
2025-02-07 08:30:00+00:00,2025-02-07 08:30:00+00:00,-203.4014379184704
2025-02-07 09:00:00+00:00,2025-02-07 09:00:00+00:00,-157.50343807009168
2025-02-07 09:30:00+00:00,2025-02-07 09:30:00+00:00,-10.357592592592592
2025-02-07 10:00:00+00:00,2025-02-07 10:00:00+00:00,349.2825373111111
2025-02-07 10:30:00+00:00,2025-02-07 10:30:00+00:00,289.325
2025-02-07 11:00:00+00:00,2025-02-07 11:00:00+00:00,319.62869235957396
2025-02-07 11:30:00+00:00,2025-02-07 11:30:00+00:00,66.7
2025-02-07 12:00:00+00:00,2025-02-07 12:00:00+00:00,134.71071472222224
2025-02-07 12:30:00+00:00,2025-02-07 12:30:00+00:00,182.90833138888888
2025-02-07 13:00:00+00:00,2025-02-07 13:00:00+00:00,107.10833333333333
2025-02-07 13:30:00+00:00,2025-02-07 13:30:00+00:00,84.76972222222223
2025-02-07 14:00:00+00:00,2025-02-07 14:00:00+00:00,187.805
2025-02-07 14:30:00+00:00,2025-02-07 14:30:00+00:00,318.76524654835106
2025-02-07 15:00:00+00:00,2025-02-07 15:00:00+00:00,19.737239316239314
2025-02-07 15:30:00+00:00,2025-02-07 15:30:00+00:00,240.68594840277777
2025-02-07 16:00:00+00:00,2025-02-07 16:00:00+00:00,210.94322455724733
2025-02-07 16:30:00+00:00,2025-02-07 16:30:00+00:00,231.0740486965812
2025-02-07 17:00:00+00:00,2025-02-07 17:00:00+00:00,226.04415191452992
2025-02-07 17:30:00+00:00,2025-02-07 17:30:00+00:00,231.64847283333333
2025-02-07 18:00:00+00:00,2025-02-07 18:00:00+00:00,309.1956232051282
2025-02-07 18:30:00+00:00,2025-02-07 18:30:00+00:00,405.9397675
2025-02-07 19:00:00+00:00,2025-02-07 19:00:00+00:00,270.55728444444446
2025-02-07 19:30:00+00:00,2025-02-07 19:30:00+00:00,52.340734260149574
2025-02-07 20:00:00+00:00,2025-02-07 20:00:00+00:00,10.119781144522145
2025-02-07 20:30:00+00:00,2025-02-07 20:30:00+00:00,-233.28335314391606
2025-02-07 21:00:00+00:00,2025-02-07 21:00:00+00:00,-3.5708046590909093
2025-02-07 21:30:00+00:00,2025-02-07 21:30:00+00:00,106.95774389652014
2025-02-07 22:00:00+00:00,2025-02-07 22:00:00+00:00,277.57305266355735
2025-02-07 22:30:00+00:00,2025-02-07 22:30:00+00:00,229.73630160231565
2025-02-07 23:00:00+00:00,2025-02-07 23:00:00+00:00,89.11028622252748
2025-02-07 23:30:00+00:00,2025-02-07 23:30:00+00:00,32.105208075204565
2025-02-08 00:00:00+00:00,2025-02-08 00:00:00+00:00,174.65625083333333
2025-02-08 00:30:00+00:00,2025-02-08 00:30:00+00:00,223.0314177840909
2025-02-08 01:00:00+00:00,2025-02-08 01:00:00+00:00,63.887169785353535
2025-02-08 01:30:00+00:00,2025-02-08 01:30:00+00:00,141.02989767857142
2025-02-08 02:00:00+00:00,2025-02-08 02:00:00+00:00,370.9275109722222
2025-02-08 02:30:00+00:00,2025-02-08 02:30:00+00:00,333.4860209722222
2025-02-08 03:00:00+00:00,2025-02-08 03:00:00+00:00,546.4276543055555
2025-02-08 03:30:00+00:00,2025-02-08 03:30:00+00:00,521.1734483156905
2025-02-08 04:00:00+00:00,2025-02-08 04:00:00+00:00,294.7363095238095
2025-02-08 04:30:00+00:00,2025-02-08 04:30:00+00:00,398.32384333333334
2025-02-08 05:00:00+00:00,2025-02-08 05:00:00+00:00,308.6333333333333
2025-02-08 05:30:00+00:00,2025-02-08 05:30:00+00:00,297.19166666666666
2025-02-08 06:00:00+00:00,2025-02-08 06:00:00+00:00,143.18645833333332
2025-02-08 06:30:00+00:00,2025-02-08 06:30:00+00:00,53.94563161375661
2025-02-08 07:00:00+00:00,2025-02-08 07:00:00+00:00,-65.23809523809524
2025-02-08 07:30:00+00:00,2025-02-08 07:30:00+00:00,-74.31815972222222
2025-02-08 08:00:00+00:00,2025-02-08 08:00:00+00:00,-348.740564600522
2025-02-08 08:30:00+00:00,2025-02-08 08:30:00+00:00,146.20316679235796
2025-02-08 09:00:00+00:00,2025-02-08 09:00:00+00:00,386.984604978355
2025-02-08 09:30:00+00:00,2025-02-08 09:30:00+00:00,490.4172857142857
2025-02-08 10:00:00+00:00,2025-02-08 10:00:00+00:00,721.8243333333334
2025-02-08 10:30:00+00:00,2025-02-08 10:30:00+00:00,612.8304166666667
2025-02-08 11:00:00+00:00,2025-02-08 11:00:00+00:00,676.53125
2025-02-08 11:30:00+00:00,2025-02-08 11:30:00+00:00,969.0820694444444
2025-02-08 12:00:00+00:00,2025-02-08 12:00:00+00:00,738.8785714285714
2025-02-08 12:30:00+00:00,2025-02-08 12:30:00+00:00,596.1878333333333
2025-02-08 13:00:00+00:00,2025-02-08 13:00:00+00:00,254.3418888888889
2025-02-08 13:30:00+00:00,2025-02-08 13:30:00+00:00,274.4
2025-02-08 14:00:00+00:00,2025-02-08 14:00:00+00:00,150.79166666666666
2025-02-08 14:30:00+00:00,2025-02-08 14:30:00+00:00,175.93333333333334
2025-02-08 15:00:00+00:00,2025-02-08 15:00:00+00:00,121.2
2025-02-08 15:30:00+00:00,2025-02-08 15:30:00+00:00,166.16034226190476
2025-02-08 16:00:00+00:00,2025-02-08 16:00:00+00:00,29.01625
2025-02-08 16:30:00+00:00,2025-02-08 16:30:00+00:00,82.99832694444444
2025-02-08 17:00:00+00:00,2025-02-08 17:00:00+00:00,64.64047619047619
2025-02-08 17:30:00+00:00,2025-02-08 17:30:00+00:00,109.96160677248677
2025-02-08 18:00:00+00:00,2025-02-08 18:00:00+00:00,122.61886363636364
2025-02-08 18:30:00+00:00,2025-02-08 18:30:00+00:00,30.856774052566102
2025-02-08 19:00:00+00:00,2025-02-08 19:00:00+00:00,-19.577721699346405
2025-02-08 19:30:00+00:00,2025-02-08 19:30:00+00:00,-206.49166666666667
2025-02-08 20:00:00+00:00,2025-02-08 20:00:00+00:00,-51.128125
2025-02-08 20:30:00+00:00,2025-02-08 20:30:00+00:00,-1.640942969067969
2025-02-08 21:00:00+00:00,2025-02-08 21:00:00+00:00,-324.29967788641915
2025-02-08 21:30:00+00:00,2025-02-08 21:30:00+00:00,-120.45812559208153
2025-02-08 22:00:00+00:00,2025-02-08 22:00:00+00:00,-111.92620352382521
2025-02-08 22:30:00+00:00,2025-02-08 22:30:00+00:00,19.30833763888889
2025-02-08 23:00:00+00:00,2025-02-08 23:00:00+00:00,-89.04649831649832
2025-02-08 23:30:00+00:00,2025-02-08 23:30:00+00:00,-44.72345486111111
2025-02-09 00:00:00+00:00,2025-02-09 00:00:00+00:00,-132.66666666666666
2025-02-09 00:30:00+00:00,2025-02-09 00:30:00+00:00,-68.5860119047619
2025-02-09 01:00:00+00:00,2025-02-09 01:00:00+00:00,-120.8139880952381
2025-02-09 01:30:00+00:00,2025-02-09 01:30:00+00:00,-287.68792831896553
2025-02-09 02:00:00+00:00,2025-02-09 02:00:00+00:00,-51.68372499771062
2025-02-09 02:30:00+00:00,2025-02-09 02:30:00+00:00,162.85208333333333
2025-02-09 03:00:00+00:00,2025-02-09 03:00:00+00:00,196.53429487179488
2025-02-09 03:30:00+00:00,2025-02-09 03:30:00+00:00,2.344114219114219
2025-02-09 04:00:00+00:00,2025-02-09 04:00:00+00:00,139.34772796717172
2025-02-09 04:30:00+00:00,2025-02-09 04:30:00+00:00,7.386363636363637
2025-02-09 05:00:00+00:00,2025-02-09 05:00:00+00:00,202.55228205128205
2025-02-09 05:30:00+00:00,2025-02-09 05:30:00+00:00,129.4098307936508
2025-02-09 06:00:00+00:00,2025-02-09 06:00:00+00:00,-64.38071574675325
2025-02-09 06:30:00+00:00,2025-02-09 06:30:00+00:00,-436.4125130197153
2025-02-09 07:00:00+00:00,2025-02-09 07:00:00+00:00,-290.0668215079365
2025-02-09 07:30:00+00:00,2025-02-09 07:30:00+00:00,-389.12314761904764
2025-02-09 08:00:00+00:00,2025-02-09 08:00:00+00:00,-188.18732149223325
2025-02-09 08:30:00+00:00,2025-02-09 08:30:00+00:00,8.766046526529026
2025-02-09 09:00:00+00:00,2025-02-09 09:00:00+00:00,-130.91854566993464
2025-02-09 09:30:00+00:00,2025-02-09 09:30:00+00:00,-401.3740198856209
2025-02-09 10:00:00+00:00,2025-02-09 10:00:00+00:00,-246.65083333333334
2025-02-09 10:30:00+00:00,2025-02-09 10:30:00+00:00,-52.47805555555556
2025-02-09 11:00:00+00:00,2025-02-09 11:00:00+00:00,187.91282748538012
2025-02-09 11:30:00+00:00,2025-02-09 11:30:00+00:00,187.27535333333333
2025-02-09 12:00:00+00:00,2025-02-09 12:00:00+00:00,350.50959472222223
2025-02-09 12:30:00+00:00,2025-02-09 12:30:00+00:00,357.3856676388889
2025-02-09 13:00:00+00:00,2025-02-09 13:00:00+00:00,530.9701333333334
2025-02-09 13:30:00+00:00,2025-02-09 13:30:00+00:00,343.68
2025-02-09 14:00:00+00:00,2025-02-09 14:00:00+00:00,128.40677083333333
2025-02-09 14:30:00+00:00,2025-02-09 14:30:00+00:00,163.47200666666666
2025-02-09 15:00:00+00:00,2025-02-09 15:00:00+00:00,20.387216666666667
2025-02-09 15:30:00+00:00,2025-02-09 15:30:00+00:00,-54.81366481060606
2025-02-09 16:00:00+00:00,2025-02-09 16:00:00+00:00,340.9531944444444
2025-02-09 16:30:00+00:00,2025-02-09 16:30:00+00:00,193.88136616161617
2025-02-09 17:00:00+00:00,2025-02-09 17:00:00+00:00,326.5362993424631
2025-02-09 17:30:00+00:00,2025-02-09 17:30:00+00:00,330.10993666666667
2025-02-09 18:00:00+00:00,2025-02-09 18:00:00+00:00,45.929523333333336
2025-02-09 18:30:00+00:00,2025-02-09 18:30:00+00:00,-198.9356038888889
2025-02-09 19:00:00+00:00,2025-02-09 19:00:00+00:00,-118.9180031986532
2025-02-09 19:30:00+00:00,2025-02-09 19:30:00+00:00,90.16404070905129
2025-02-09 20:00:00+00:00,2025-02-09 20:00:00+00:00,-33.078820770732534
2025-02-09 20:30:00+00:00,2025-02-09 20:30:00+00:00,7.764347689393939
2025-02-09 21:00:00+00:00,2025-02-09 21:00:00+00:00,-239.5289484126984
2025-02-09 21:30:00+00:00,2025-02-09 21:30:00+00:00,-221.82223452904623
2025-02-09 22:00:00+00:00,2025-02-09 22:00:00+00:00,-240.9450789810548
2025-02-09 22:30:00+00:00,2025-02-09 22:30:00+00:00,-98.06867470628137
2025-02-09 23:00:00+00:00,2025-02-09 23:00:00+00:00,-41.38842437423688
2025-02-09 23:30:00+00:00,2025-02-09 23:30:00+00:00,-135.78794
2025-02-10 00:00:00+00:00,2025-02-10 00:00:00+00:00,-201.1266678373016
2025-02-10 00:30:00+00:00,2025-02-10 00:30:00+00:00,-221.8185902777778
2025-02-10 01:00:00+00:00,2025-02-10 01:00:00+00:00,110.07479793129274
2025-02-10 01:30:00+00:00,2025-02-10 01:30:00+00:00,-227.5577709294872
2025-02-10 02:00:00+00:00,2025-02-10 02:00:00+00:00,-98.64942261752137
2025-02-10 02:30:00+00:00,2025-02-10 02:30:00+00:00,135.32499638888888
2025-02-10 03:00:00+00:00,2025-02-10 03:00:00+00:00,-200.7963938888889
2025-02-10 03:30:00+00:00,2025-02-10 03:30:00+00:00,-283.0260738293651
2025-02-10 04:00:00+00:00,2025-02-10 04:00:00+00:00,-301.5833333333333
2025-02-10 04:30:00+00:00,2025-02-10 04:30:00+00:00,-166.87128805555557
2025-02-10 05:00:00+00:00,2025-02-10 05:00:00+00:00,108.12464396825396
2025-02-10 05:30:00+00:00,2025-02-10 05:30:00+00:00,-36.366076666666665
2025-02-10 06:00:00+00:00,2025-02-10 06:00:00+00:00,199.32431786549708
2025-02-10 06:30:00+00:00,2025-02-10 06:30:00+00:00,159.4561437191836
2025-02-10 07:00:00+00:00,2025-02-10 07:00:00+00:00,-3.2993236331232754
2025-02-10 07:30:00+00:00,2025-02-10 07:30:00+00:00,-20.092033415249052
2025-02-10 08:00:00+00:00,2025-02-10 08:00:00+00:00,-166.36547378787878
2025-02-10 08:30:00+00:00,2025-02-10 08:30:00+00:00,68.08147569444445
2025-02-10 09:00:00+00:00,2025-02-10 09:00:00+00:00,80.2438241622575
2025-02-10 09:30:00+00:00,2025-02-10 09:30:00+00:00,0.3161782738095238
2025-02-10 10:00:00+00:00,2025-02-10 10:00:00+00:00,180.90991777837903
2025-02-10 10:30:00+00:00,2025-02-10 10:30:00+00:00,157.87903235653235
2025-02-10 11:00:00+00:00,2025-02-10 11:00:00+00:00,472.00286588369966
2025-02-10 11:30:00+00:00,2025-02-10 11:30:00+00:00,305.175
2025-02-10 12:00:00+00:00,2025-02-10 12:00:00+00:00,-49.27066095117845
2025-02-10 12:30:00+00:00,2025-02-10 12:30:00+00:00,-70.78678949618606
2025-02-10 13:00:00+00:00,2025-02-10 13:00:00+00:00,-223.98275793650794
2025-02-10 13:30:00+00:00,2025-02-10 13:30:00+00:00,-174.88219404334555
2025-02-10 14:00:00+00:00,2025-02-10 14:00:00+00:00,145.3741626082251
2025-02-10 14:30:00+00:00,2025-02-10 14:30:00+00:00,263.2980744949495
2025-02-10 15:00:00+00:00,2025-02-10 15:00:00+00:00,-58.91043125
2025-02-10 15:30:00+00:00,2025-02-10 15:30:00+00:00,-39.33115152777778
2025-02-10 16:00:00+00:00,2025-02-10 16:00:00+00:00,2.74875
2025-02-10 16:30:00+00:00,2025-02-10 16:30:00+00:00,-76.00308180555555
2025-02-10 17:00:00+00:00,2025-02-10 17:00:00+00:00,-7.763357533670034
2025-02-10 17:30:00+00:00,2025-02-10 17:30:00+00:00,132.79588756613757
2025-02-10 18:00:00+00:00,2025-02-10 18:00:00+00:00,241.4404761904762
2025-02-10 18:30:00+00:00,2025-02-10 18:30:00+00:00,150.56119889749874
2025-02-10 19:00:00+00:00,2025-02-10 19:00:00+00:00,210.38520833333334
2025-02-10 19:30:00+00:00,2025-02-10 19:30:00+00:00,4.3405
2025-02-10 20:00:00+00:00,2025-02-10 20:00:00+00:00,-96.09558280405295
2025-02-10 20:30:00+00:00,2025-02-10 20:30:00+00:00,-31.765159325396827
2025-02-10 21:00:00+00:00,2025-02-10 21:00:00+00:00,76.50585666666667
2025-02-10 21:30:00+00:00,2025-02-10 21:30:00+00:00,165.22671597222222
2025-02-10 22:00:00+00:00,2025-02-10 22:00:00+00:00,272.9966395833333
2025-02-10 22:30:00+00:00,2025-02-10 22:30:00+00:00,416.0964725320513
2025-02-10 23:00:00+00:00,2025-02-10 23:00:00+00:00,190.255451689942
2025-02-10 23:30:00+00:00,2025-02-10 23:30:00+00:00,-9.950059523809523
2025-02-11 00:00:00+00:00,2025-02-11 00:00:00+00:00,-45.91999875
2025-02-11 00:30:00+00:00,2025-02-11 00:30:00+00:00,47.73148611111111
2025-02-11 01:00:00+00:00,2025-02-11 01:00:00+00:00,428.9979467361111
2025-02-11 01:30:00+00:00,2025-02-11 01:30:00+00:00,429.8483058333333
2025-02-11 02:00:00+00:00,2025-02-11 02:00:00+00:00,311.5501598015873
2025-02-11 02:30:00+00:00,2025-02-11 02:30:00+00:00,193.9236758297721
2025-02-11 03:00:00+00:00,2025-02-11 03:00:00+00:00,-56.61582181818182
2025-02-11 03:30:00+00:00,2025-02-11 03:30:00+00:00,-159.77166666666668
2025-02-11 04:00:00+00:00,2025-02-11 04:00:00+00:00,-84.63541611111111
2025-02-11 04:30:00+00:00,2025-02-11 04:30:00+00:00,58.531313322649574
2025-02-11 05:00:00+00:00,2025-02-11 05:00:00+00:00,337.8875634955322
2025-02-11 05:30:00+00:00,2025-02-11 05:30:00+00:00,-15.650254471315721
2025-02-11 06:00:00+00:00,2025-02-11 06:00:00+00:00,111.44811378205128
2025-02-11 06:30:00+00:00,2025-02-11 06:30:00+00:00,188.1030627916694
2025-02-11 07:00:00+00:00,2025-02-11 07:00:00+00:00,421.69700041666664
2025-02-11 07:30:00+00:00,2025-02-11 07:30:00+00:00,83.69943533942364
2025-02-11 08:00:00+00:00,2025-02-11 08:00:00+00:00,24.16644318181818
2025-02-11 08:30:00+00:00,2025-02-11 08:30:00+00:00,24.651080277777776
2025-02-11 09:00:00+00:00,2025-02-11 09:00:00+00:00,461.1895701242778
2025-02-11 09:30:00+00:00,2025-02-11 09:30:00+00:00,340.89604541666665
2025-02-11 10:00:00+00:00,2025-02-11 10:00:00+00:00,172.84974652777777
2025-02-11 10:30:00+00:00,2025-02-11 10:30:00+00:00,247.86073987713675
2025-02-11 11:00:00+00:00,2025-02-11 11:00:00+00:00,-10.697917083333333
2025-02-11 11:30:00+00:00,2025-02-11 11:30:00+00:00,49.676264027777776
2025-02-11 12:00:00+00:00,2025-02-11 12:00:00+00:00,179.4709624537037
2025-02-11 12:30:00+00:00,2025-02-11 12:30:00+00:00,30.264275456349207
2025-02-11 13:00:00+00:00,2025-02-11 13:00:00+00:00,183.6030561882716
2025-02-11 13:30:00+00:00,2025-02-11 13:30:00+00:00,151.26582916666666
2025-02-11 14:00:00+00:00,2025-02-11 14:00:00+00:00,211.99700305555555
2025-02-11 14:30:00+00:00,2025-02-11 14:30:00+00:00,21.774778333333334
2025-02-11 15:00:00+00:00,2025-02-11 15:00:00+00:00,-83.9459477124183
2025-02-11 15:30:00+00:00,2025-02-11 15:30:00+00:00,-54.24525589869281
2025-02-11 16:00:00+00:00,2025-02-11 16:00:00+00:00,124.13730328703704
2025-02-11 16:30:00+00:00,2025-02-11 16:30:00+00:00,-28.547684444444446
2025-02-11 17:00:00+00:00,2025-02-11 17:00:00+00:00,-254.19954166666668
2025-02-11 17:30:00+00:00,2025-02-11 17:30:00+00:00,27.993230216049383
2025-02-11 18:00:00+00:00,2025-02-11 18:00:00+00:00,93.28998910493827
2025-02-11 18:30:00+00:00,2025-02-11 18:30:00+00:00,237.2670513969999
2025-02-11 19:00:00+00:00,2025-02-11 19:00:00+00:00,348.79017777724727
2025-02-11 19:30:00+00:00,2025-02-11 19:30:00+00:00,-68.20232447192514
2025-02-11 20:00:00+00:00,2025-02-11 20:00:00+00:00,206.35998712836704
2025-02-11 20:30:00+00:00,2025-02-11 20:30:00+00:00,348.2864919013052
2025-02-11 21:00:00+00:00,2025-02-11 21:00:00+00:00,189.6724248148148
2025-02-11 21:30:00+00:00,2025-02-11 21:30:00+00:00,232.59522842592594
2025-02-11 22:00:00+00:00,2025-02-11 22:00:00+00:00,490.74722865069424
2025-02-11 22:30:00+00:00,2025-02-11 22:30:00+00:00,378.7991166199283
2025-02-11 23:00:00+00:00,2025-02-11 23:00:00+00:00,188.7527448611111
2025-02-11 23:30:00+00:00,2025-02-11 23:30:00+00:00,-29.01490763888889
2025-02-12 00:00:00+00:00,2025-02-12 00:00:00+00:00,-254.07421773148147
2025-02-12 00:30:00+00:00,2025-02-12 00:30:00+00:00,-193.38754166666666
2025-02-12 01:00:00+00:00,2025-02-12 01:00:00+00:00,-255.21384245475113
2025-02-12 01:30:00+00:00,2025-02-12 01:30:00+00:00,-406.51486143413774
2025-02-12 02:00:00+00:00,2025-02-12 02:00:00+00:00,-268.91401311507934
2025-02-12 02:30:00+00:00,2025-02-12 02:30:00+00:00,-46.690054583333335
2025-02-12 03:00:00+00:00,2025-02-12 03:00:00+00:00,103.83333333333333
2025-02-12 03:30:00+00:00,2025-02-12 03:30:00+00:00,-46.1119677981278
2025-02-12 04:00:00+00:00,2025-02-12 04:00:00+00:00,-155.15333333333334
2025-02-12 04:30:00+00:00,2025-02-12 04:30:00+00:00,-299.4434266239316
2025-02-12 05:00:00+00:00,2025-02-12 05:00:00+00:00,-200.25969952228508
2025-02-12 05:30:00+00:00,2025-02-12 05:30:00+00:00,-445.97213562416334
2025-02-12 06:00:00+00:00,2025-02-12 06:00:00+00:00,170.74786288638262
2025-02-12 06:30:00+00:00,2025-02-12 06:30:00+00:00,207.9564486026936
2025-02-12 07:00:00+00:00,2025-02-12 07:00:00+00:00,409.1202758730159
2025-02-12 07:30:00+00:00,2025-02-12 07:30:00+00:00,449.42533156487235
2025-02-12 08:00:00+00:00,2025-02-12 08:00:00+00:00,550.5019363888889
2025-02-12 08:30:00+00:00,2025-02-12 08:30:00+00:00,623.3748079166667
2025-02-12 09:00:00+00:00,2025-02-12 09:00:00+00:00,266.4505326111111
2025-02-12 09:30:00+00:00,2025-02-12 09:30:00+00:00,809.2526077478773
2025-02-12 10:00:00+00:00,2025-02-12 10:00:00+00:00,734.5498949074074
2025-02-12 10:30:00+00:00,2025-02-12 10:30:00+00:00,756.0395819444444
2025-02-12 11:00:00+00:00,2025-02-12 11:00:00+00:00,497.58330194444443
2025-02-12 11:30:00+00:00,2025-02-12 11:30:00+00:00,485.59277337962965
2025-02-12 12:00:00+00:00,2025-02-12 12:00:00+00:00,264.13918675925925
2025-02-12 12:30:00+00:00,2025-02-12 12:30:00+00:00,316.275069869281
2025-02-12 13:00:00+00:00,2025-02-12 13:00:00+00:00,365.0319134150327
2025-02-12 13:30:00+00:00,2025-02-12 13:30:00+00:00,149.38058124340264
2025-02-12 14:00:00+00:00,2025-02-12 14:00:00+00:00,-121.5488785609319
2025-02-12 14:30:00+00:00,2025-02-12 14:30:00+00:00,-46.69503317204301
2025-02-12 15:00:00+00:00,2025-02-12 15:00:00+00:00,412.0095047049411
2025-02-12 15:30:00+00:00,2025-02-12 15:30:00+00:00,219.89586277777778
2025-02-12 16:00:00+00:00,2025-02-12 16:00:00+00:00,528.372080453149
2025-02-12 16:30:00+00:00,2025-02-12 16:30:00+00:00,434.51540093048715
2025-02-12 17:00:00+00:00,2025-02-12 17:00:00+00:00,104.09235378510378
2025-02-12 17:30:00+00:00,2025-02-12 17:30:00+00:00,29.52916375
2025-02-12 18:00:00+00:00,2025-02-12 18:00:00+00:00,-62.76514773809524
2025-02-12 18:30:00+00:00,2025-02-12 18:30:00+00:00,164.2080959325397
2025-02-12 19:00:00+00:00,2025-02-12 19:00:00+00:00,24.06083759259259
2025-02-12 19:30:00+00:00,2025-02-12 19:30:00+00:00,-172.20833333333334
2025-02-12 20:00:00+00:00,2025-02-12 20:00:00+00:00,-129.93860694444444
2025-02-12 20:30:00+00:00,2025-02-12 20:30:00+00:00,-250.637929755291
2025-02-12 21:00:00+00:00,2025-02-12 21:00:00+00:00,-220.72396063588516
2025-02-12 21:30:00+00:00,2025-02-12 21:30:00+00:00,41.203049197530866
2025-02-12 22:00:00+00:00,2025-02-12 22:00:00+00:00,-107.26024646464647
2025-02-12 22:30:00+00:00,2025-02-12 22:30:00+00:00,-329.28572928751805
2025-02-12 23:00:00+00:00,2025-02-12 23:00:00+00:00,-258.09885694805195
2025-02-12 23:30:00+00:00,2025-02-12 23:30:00+00:00,-59.224770512265515
2025-02-13 00:00:00+00:00,2025-02-13 00:00:00+00:00,112.62886396825397
2025-02-13 00:30:00+00:00,2025-02-13 00:30:00+00:00,121.50044236111111
2025-02-13 01:00:00+00:00,2025-02-13 01:00:00+00:00,155.524610495
2025-02-13 01:30:00+00:00,2025-02-13 01:30:00+00:00,-27.9
2025-02-13 02:00:00+00:00,2025-02-13 02:00:00+00:00,9.718376388888888
2025-02-13 02:30:00+00:00,2025-02-13 02:30:00+00:00,-40.07191597222222
2025-02-13 03:00:00+00:00,2025-02-13 03:00:00+00:00,25.236982222222224
2025-02-13 03:30:00+00:00,2025-02-13 03:30:00+00:00,-108.675
2025-02-13 04:00:00+00:00,2025-02-13 04:00:00+00:00,-180.82916666666668
2025-02-13 04:30:00+00:00,2025-02-13 04:30:00+00:00,-382.9340795544733
2025-02-13 05:00:00+00:00,2025-02-13 05:00:00+00:00,-478.42638042705556
2025-02-13 05:30:00+00:00,2025-02-13 05:30:00+00:00,-848.4636701942039
2025-02-13 06:00:00+00:00,2025-02-13 06:00:00+00:00,-596.9597819910857
2025-02-13 06:30:00+00:00,2025-02-13 06:30:00+00:00,-390.1356015675501
2025-02-13 07:00:00+00:00,2025-02-13 07:00:00+00:00,-74.04569221306471
2025-02-13 07:30:00+00:00,2025-02-13 07:30:00+00:00,95.44237241163808
2025-02-13 08:00:00+00:00,2025-02-13 08:00:00+00:00,545.655124265873
2025-02-13 08:30:00+00:00,2025-02-13 08:30:00+00:00,400.53508958333333
2025-02-13 09:00:00+00:00,2025-02-13 09:00:00+00:00,270.5253354166667
2025-02-13 09:30:00+00:00,2025-02-13 09:30:00+00:00,421.4828630555556
2025-02-13 10:00:00+00:00,2025-02-13 10:00:00+00:00,149.43166
2025-02-13 10:30:00+00:00,2025-02-13 10:30:00+00:00,18.37357875
2025-02-13 11:00:00+00:00,2025-02-13 11:00:00+00:00,-79.37557777777778
2025-02-13 11:30:00+00:00,2025-02-13 11:30:00+00:00,25.4451625
2025-02-13 12:00:00+00:00,2025-02-13 12:00:00+00:00,-10.105443849206349
2025-02-13 12:30:00+00:00,2025-02-13 12:30:00+00:00,98.26244944444444
2025-02-13 13:00:00+00:00,2025-02-13 13:00:00+00:00,47.09426226190476
2025-02-13 13:30:00+00:00,2025-02-13 13:30:00+00:00,241.81298375
2025-02-13 14:00:00+00:00,2025-02-13 14:00:00+00:00,64.96636791666667
2025-02-13 14:30:00+00:00,2025-02-13 14:30:00+00:00,66.70833333333333
2025-02-13 15:00:00+00:00,2025-02-13 15:00:00+00:00,39.233333333333334
2025-02-13 15:30:00+00:00,2025-02-13 15:30:00+00:00,39.03994708994709
2025-02-13 16:00:00+00:00,2025-02-13 16:00:00+00:00,-38.11633597883598
2025-02-13 16:30:00+00:00,2025-02-13 16:30:00+00:00,39.00972222222222
2025-02-13 17:00:00+00:00,2025-02-13 17:00:00+00:00,-42.83252868589744
2025-02-13 17:30:00+00:00,2025-02-13 17:30:00+00:00,-36.162897242063494
2025-02-13 18:00:00+00:00,2025-02-13 18:00:00+00:00,-7.506482037037037
2025-02-13 18:30:00+00:00,2025-02-13 18:30:00+00:00,-16.27372337962963
2025-02-13 19:00:00+00:00,2025-02-13 19:00:00+00:00,136.49508244708994
2025-02-13 19:30:00+00:00,2025-02-13 19:30:00+00:00,-97.45175264550265
2025-02-13 20:00:00+00:00,2025-02-13 20:00:00+00:00,-249.85044388481887
2025-02-13 20:30:00+00:00,2025-02-13 20:30:00+00:00,-258.8024827024827
2025-02-13 21:00:00+00:00,2025-02-13 21:00:00+00:00,-283.5574967744758
2025-02-13 21:30:00+00:00,2025-02-13 21:30:00+00:00,-187.83113622398588
2025-02-13 22:00:00+00:00,2025-02-13 22:00:00+00:00,-77.91946790598291
2025-02-13 22:30:00+00:00,2025-02-13 22:30:00+00:00,-268.8204657725139
2025-02-13 23:00:00+00:00,2025-02-13 23:00:00+00:00,-93.02666666666667
2025-02-13 23:30:00+00:00,2025-02-13 23:30:00+00:00,106.78247215608465
2025-02-14 00:00:00+00:00,2025-02-14 00:00:00+00:00,8.273249417989417
2025-02-14 00:30:00+00:00,2025-02-14 00:30:00+00:00,14.476168055555556
2025-02-14 01:00:00+00:00,2025-02-14 01:00:00+00:00,-112.62537566137566
2025-02-14 01:30:00+00:00,2025-02-14 01:30:00+00:00,-117.63062731481482
2025-02-14 02:00:00+00:00,2025-02-14 02:00:00+00:00,29.485403817951344
2025-02-14 02:30:00+00:00,2025-02-14 02:30:00+00:00,-316.3342479215443
2025-02-14 03:00:00+00:00,2025-02-14 03:00:00+00:00,-84.46882885039564
2025-02-14 03:30:00+00:00,2025-02-14 03:30:00+00:00,-221.5553243158304
2025-02-14 04:00:00+00:00,2025-02-14 04:00:00+00:00,-419.56529717261907
2025-02-14 04:30:00+00:00,2025-02-14 04:30:00+00:00,-223.56908412136067
2025-02-14 05:00:00+00:00,2025-02-14 05:00:00+00:00,-427.69936251082254
2025-02-14 05:30:00+00:00,2025-02-14 05:30:00+00:00,-469.39315322871573
2025-02-14 06:00:00+00:00,2025-02-14 06:00:00+00:00,-382.0438636788049
2025-02-14 06:30:00+00:00,2025-02-14 06:30:00+00:00,-248.46087253246753
2025-02-14 07:00:00+00:00,2025-02-14 07:00:00+00:00,-372.6372907782828
2025-02-14 07:30:00+00:00,2025-02-14 07:30:00+00:00,-189.79972634285716
2025-02-14 08:00:00+00:00,2025-02-14 08:00:00+00:00,-641.5370960846253
2025-02-14 08:30:00+00:00,2025-02-14 08:30:00+00:00,-310.18247833333334
2025-02-14 09:00:00+00:00,2025-02-14 09:00:00+00:00,-472.7416666666667
2025-02-14 09:30:00+00:00,2025-02-14 09:30:00+00:00,-321.2911105555556
2025-02-14 10:00:00+00:00,2025-02-14 10:00:00+00:00,-105.92424878968254
2025-02-14 10:30:00+00:00,2025-02-14 10:30:00+00:00,-392.91626363095236
2025-02-14 11:00:00+00:00,2025-02-14 11:00:00+00:00,-503.7872094124005
2025-02-14 11:30:00+00:00,2025-02-14 11:30:00+00:00,-865.0077185912698
2025-02-14 12:00:00+00:00,2025-02-14 12:00:00+00:00,-840.7310858585859
2025-02-14 12:30:00+00:00,2025-02-14 12:30:00+00:00,-508.47798041125543
2025-02-14 13:00:00+00:00,2025-02-14 13:00:00+00:00,-697.8249404761905
2025-02-14 13:30:00+00:00,2025-02-14 13:30:00+00:00,-607.7581145634921
2025-02-14 14:00:00+00:00,2025-02-14 14:00:00+00:00,-917.4261198575575
2025-02-14 14:30:00+00:00,2025-02-14 14:30:00+00:00,-1122.7078776422268
2025-02-14 15:00:00+00:00,2025-02-14 15:00:00+00:00,-1099.5536587024087
2025-02-14 15:30:00+00:00,2025-02-14 15:30:00+00:00,-441.7598562342066
2025-02-14 16:00:00+00:00,2025-02-14 16:00:00+00:00,-397.5495160743041
2025-02-14 16:30:00+00:00,2025-02-14 16:30:00+00:00,31.506070138888887
2025-02-14 17:00:00+00:00,2025-02-14 17:00:00+00:00,-100.74048083333334
2025-02-14 17:30:00+00:00,2025-02-14 17:30:00+00:00,17.086313237081637
2025-02-14 18:00:00+00:00,2025-02-14 18:00:00+00:00,-87.2716925
2025-02-14 18:30:00+00:00,2025-02-14 18:30:00+00:00,126.8719975
2025-02-14 19:00:00+00:00,2025-02-14 19:00:00+00:00,-60.559120416666666
2025-02-14 19:30:00+00:00,2025-02-14 19:30:00+00:00,1.700474642857143
2025-02-14 20:00:00+00:00,2025-02-14 20:00:00+00:00,59.85641271825397
2025-02-14 20:30:00+00:00,2025-02-14 20:30:00+00:00,-98.33597222222222
2025-02-14 21:00:00+00:00,2025-02-14 21:00:00+00:00,-145.15570434747607
2025-02-14 21:30:00+00:00,2025-02-14 21:30:00+00:00,-41.33255750841751
2025-02-14 22:00:00+00:00,2025-02-14 22:00:00+00:00,-49.13752554713805
2025-02-14 22:30:00+00:00,2025-02-14 22:30:00+00:00,-221.66129148629147
2025-02-14 23:00:00+00:00,2025-02-14 23:00:00+00:00,-44.80105126262626
2025-02-14 23:30:00+00:00,2025-02-14 23:30:00+00:00,-176.40555555555557
2025-02-15 00:00:00+00:00,2025-02-15 00:00:00+00:00,-309.7451858333333
2025-02-15 00:30:00+00:00,2025-02-15 00:30:00+00:00,-171.28601018518518
2025-02-15 01:00:00+00:00,2025-02-15 01:00:00+00:00,-57.33166666666666
2025-02-15 01:30:00+00:00,2025-02-15 01:30:00+00:00,-266.1338149404762
2025-02-15 02:00:00+00:00,2025-02-15 02:00:00+00:00,-328.86226027777775
2025-02-15 02:30:00+00:00,2025-02-15 02:30:00+00:00,-332.53709160669194
2025-02-15 03:00:00+00:00,2025-02-15 03:00:00+00:00,-68.32078333333334
2025-02-15 03:30:00+00:00,2025-02-15 03:30:00+00:00,60.55428777777778
2025-02-15 04:00:00+00:00,2025-02-15 04:00:00+00:00,184.64300134615385
2025-02-15 04:30:00+00:00,2025-02-15 04:30:00+00:00,133.62021973566308
2025-02-15 05:00:00+00:00,2025-02-15 05:00:00+00:00,238.31128999944488
2025-02-15 05:30:00+00:00,2025-02-15 05:30:00+00:00,194.70866509373926
2025-02-15 06:00:00+00:00,2025-02-15 06:00:00+00:00,179.860645
2025-02-15 06:30:00+00:00,2025-02-15 06:30:00+00:00,99.31033333333333
2025-02-15 07:00:00+00:00,2025-02-15 07:00:00+00:00,12.398611944444445
2025-02-15 07:30:00+00:00,2025-02-15 07:30:00+00:00,79.49272222222223
2025-02-15 08:00:00+00:00,2025-02-15 08:00:00+00:00,5.767499722222222
2025-02-15 08:30:00+00:00,2025-02-15 08:30:00+00:00,248.02432166666668
2025-02-15 09:00:00+00:00,2025-02-15 09:00:00+00:00,-199.88333333333333
2025-02-15 09:30:00+00:00,2025-02-15 09:30:00+00:00,-142.11666666666667
2025-02-15 10:00:00+00:00,2025-02-15 10:00:00+00:00,-321.93277555555557
2025-02-15 10:30:00+00:00,2025-02-15 10:30:00+00:00,-422.8519444444444
2025-02-15 11:00:00+00:00,2025-02-15 11:00:00+00:00,-672.5854166666667
2025-02-15 11:30:00+00:00,2025-02-15 11:30:00+00:00,-746.1604166666667
2025-02-15 12:00:00+00:00,2025-02-15 12:00:00+00:00,-627.0362745098039
2025-02-15 12:30:00+00:00,2025-02-15 12:30:00+00:00,-536.685221305492
2025-02-15 13:00:00+00:00,2025-02-15 13:00:00+00:00,-178.98245658730158
2025-02-15 13:30:00+00:00,2025-02-15 13:30:00+00:00,-394.12584909188035
2025-02-15 14:00:00+00:00,2025-02-15 14:00:00+00:00,-312.0030844155844
2025-02-15 14:30:00+00:00,2025-02-15 14:30:00+00:00,-578.9723364844878
2025-02-15 15:00:00+00:00,2025-02-15 15:00:00+00:00,-511.7825907561245
2025-02-15 15:30:00+00:00,2025-02-15 15:30:00+00:00,-532.5214377104377
2025-02-15 16:00:00+00:00,2025-02-15 16:00:00+00:00,-99.3107178932179
2025-02-15 16:30:00+00:00,2025-02-15 16:30:00+00:00,139.27174603174603
2025-02-15 17:00:00+00:00,2025-02-15 17:00:00+00:00,295.2334176851852
2025-02-15 17:30:00+00:00,2025-02-15 17:30:00+00:00,298.63326703703706
2025-02-15 18:00:00+00:00,2025-02-15 18:00:00+00:00,264.1273691919192
2025-02-15 18:30:00+00:00,2025-02-15 18:30:00+00:00,45.15576552879167
2025-02-15 19:00:00+00:00,2025-02-15 19:00:00+00:00,285.1756908333333
2025-02-15 19:30:00+00:00,2025-02-15 19:30:00+00:00,34.43078968253968
2025-02-15 20:00:00+00:00,2025-02-15 20:00:00+00:00,-5.490601846001221
2025-02-15 20:30:00+00:00,2025-02-15 20:30:00+00:00,-166.15570512820514
2025-02-15 21:00:00+00:00,2025-02-15 21:00:00+00:00,-92.62638888888888
2025-02-15 21:30:00+00:00,2025-02-15 21:30:00+00:00,-79.93666666666667
2025-02-15 22:00:00+00:00,2025-02-15 22:00:00+00:00,156.40887745811287
2025-02-15 22:30:00+00:00,2025-02-15 22:30:00+00:00,243.02497914281705
2025-02-15 23:00:00+00:00,2025-02-15 23:00:00+00:00,-47.88187185784363
2025-02-15 23:30:00+00:00,2025-02-15 23:30:00+00:00,124.67456617262579
2025-02-16 00:00:00+00:00,2025-02-16 00:00:00+00:00,-68.17162609126984
2025-02-16 00:30:00+00:00,2025-02-16 00:30:00+00:00,-103.7348430258467
2025-02-16 01:00:00+00:00,2025-02-16 01:00:00+00:00,-35.98480553988027
2025-02-16 01:30:00+00:00,2025-02-16 01:30:00+00:00,6.295491378968254
2025-02-16 02:00:00+00:00,2025-02-16 02:00:00+00:00,-157.42431077380954
2025-02-16 02:30:00+00:00,2025-02-16 02:30:00+00:00,-598.6431732323232
2025-02-16 03:00:00+00:00,2025-02-16 03:00:00+00:00,-426.9311595580808
2025-02-16 03:30:00+00:00,2025-02-16 03:30:00+00:00,-188.08870321428572
2025-02-16 04:00:00+00:00,2025-02-16 04:00:00+00:00,-22.403916666666667
2025-02-16 04:30:00+00:00,2025-02-16 04:30:00+00:00,-257.27934523809523
2025-02-16 05:00:00+00:00,2025-02-16 05:00:00+00:00,-118.334925
2025-02-16 05:30:00+00:00,2025-02-16 05:30:00+00:00,-46.014813333333336
2025-02-16 06:00:00+00:00,2025-02-16 06:00:00+00:00,-353.930555
2025-02-16 06:30:00+00:00,2025-02-16 06:30:00+00:00,-588.3369497727273
2025-02-16 07:00:00+00:00,2025-02-16 07:00:00+00:00,-401.6333333333333
2025-02-16 07:30:00+00:00,2025-02-16 07:30:00+00:00,-290.1721793055556
2025-02-16 08:00:00+00:00,2025-02-16 08:00:00+00:00,-246.7117766420787
2025-02-16 08:30:00+00:00,2025-02-16 08:30:00+00:00,3.704892612681549
2025-02-16 09:00:00+00:00,2025-02-16 09:00:00+00:00,-638.1162806455241
2025-02-16 09:30:00+00:00,2025-02-16 09:30:00+00:00,-488.4058308333333
2025-02-16 10:00:00+00:00,2025-02-16 10:00:00+00:00,-726.87083375
2025-02-16 10:30:00+00:00,2025-02-16 10:30:00+00:00,-600.5773443055556
2025-02-16 11:00:00+00:00,2025-02-16 11:00:00+00:00,-498.2064095833333
2025-02-16 11:30:00+00:00,2025-02-16 11:30:00+00:00,-343.31309494047616
2025-02-16 12:00:00+00:00,2025-02-16 12:00:00+00:00,-188.29247162698414
2025-02-16 12:30:00+00:00,2025-02-16 12:30:00+00:00,-141.3873066902068
2025-02-16 13:00:00+00:00,2025-02-16 13:00:00+00:00,-96.0773975
2025-02-16 13:30:00+00:00,2025-02-16 13:30:00+00:00,0.025239953703703702
2025-02-16 14:00:00+00:00,2025-02-16 14:00:00+00:00,-69.21164251249166
2025-02-16 14:30:00+00:00,2025-02-16 14:30:00+00:00,-99.59611949074075
2025-02-16 15:00:00+00:00,2025-02-16 15:00:00+00:00,-438.7494038284728
2025-02-16 15:30:00+00:00,2025-02-16 15:30:00+00:00,-772.8892483088235
2025-02-16 16:00:00+00:00,2025-02-16 16:00:00+00:00,-226.04569583333333
2025-02-16 16:30:00+00:00,2025-02-16 16:30:00+00:00,46.168628273809524
2025-02-16 17:00:00+00:00,2025-02-16 17:00:00+00:00,-4.028988021284271
2025-02-16 17:30:00+00:00,2025-02-16 17:30:00+00:00,145.04966069444444
2025-02-16 18:00:00+00:00,2025-02-16 18:00:00+00:00,145.53654855986807
2025-02-16 18:30:00+00:00,2025-02-16 18:30:00+00:00,117.65152971153846
2025-02-16 19:00:00+00:00,2025-02-16 19:00:00+00:00,64.84579958822022
2025-02-16 19:30:00+00:00,2025-02-16 19:30:00+00:00,-50.01187842261905
2025-02-16 20:00:00+00:00,2025-02-16 20:00:00+00:00,-4.3271186607142855
2025-02-16 20:30:00+00:00,2025-02-16 20:30:00+00:00,-65.98470986111111
2025-02-16 21:00:00+00:00,2025-02-16 21:00:00+00:00,-15.829401525835276
2025-02-16 21:30:00+00:00,2025-02-16 21:30:00+00:00,208.0814405397843
2025-02-16 22:00:00+00:00,2025-02-16 22:00:00+00:00,117.51489472222222
2025-02-16 22:30:00+00:00,2025-02-16 22:30:00+00:00,106.89824917929293
2025-02-16 23:00:00+00:00,2025-02-16 23:00:00+00:00,520.3605541035354
2025-02-16 23:30:00+00:00,2025-02-16 23:30:00+00:00,252.7075617857143
2025-02-17 00:00:00+00:00,2025-02-17 00:00:00+00:00,-126.49706349206349
2025-02-17 00:30:00+00:00,2025-02-17 00:30:00+00:00,-255.6749724509804
2025-02-17 01:00:00+00:00,2025-02-17 01:00:00+00:00,-243.78860784313724
2025-02-17 01:30:00+00:00,2025-02-17 01:30:00+00:00,-210.65360865079364
2025-02-17 02:00:00+00:00,2025-02-17 02:00:00+00:00,-318.466945
2025-02-17 02:30:00+00:00,2025-02-17 02:30:00+00:00,-329.2448809523809
2025-02-17 03:00:00+00:00,2025-02-17 03:00:00+00:00,-511.59047579744816
2025-02-17 03:30:00+00:00,2025-02-17 03:30:00+00:00,-593.898708393227
2025-02-17 04:00:00+00:00,2025-02-17 04:00:00+00:00,-509.2791099350649
2025-02-17 04:30:00+00:00,2025-02-17 04:30:00+00:00,-767.3528108009768
2025-02-17 05:00:00+00:00,2025-02-17 05:00:00+00:00,-505.7434303709809
2025-02-17 05:30:00+00:00,2025-02-17 05:30:00+00:00,-1478.2592408063736
2025-02-17 06:00:00+00:00,2025-02-17 06:00:00+00:00,-831.9537018434344
2025-02-17 06:30:00+00:00,2025-02-17 06:30:00+00:00,-901.6534992320261
2025-02-17 07:00:00+00:00,2025-02-17 07:00:00+00:00,-584.6031490706234
2025-02-17 07:30:00+00:00,2025-02-17 07:30:00+00:00,-92.1288526865881
2025-02-17 08:00:00+00:00,2025-02-17 08:00:00+00:00,45.88506189854307
2025-02-17 08:30:00+00:00,2025-02-17 08:30:00+00:00,479.531043713499
2025-02-17 09:00:00+00:00,2025-02-17 09:00:00+00:00,59.62790291666666
2025-02-17 09:30:00+00:00,2025-02-17 09:30:00+00:00,-111.27123120369048
2025-02-17 10:00:00+00:00,2025-02-17 10:00:00+00:00,-804.4776581349206
2025-02-17 10:30:00+00:00,2025-02-17 10:30:00+00:00,-406.6493940180776
2025-02-17 11:00:00+00:00,2025-02-17 11:00:00+00:00,-309.6398128505291
2025-02-17 11:30:00+00:00,2025-02-17 11:30:00+00:00,-318.4050264550265
2025-02-17 12:00:00+00:00,2025-02-17 12:00:00+00:00,-2.1289937037037037
2025-02-17 12:30:00+00:00,2025-02-17 12:30:00+00:00,71.76423064935065
2025-02-17 13:00:00+00:00,2025-02-17 13:00:00+00:00,-240.30959416786916
2025-02-17 13:30:00+00:00,2025-02-17 13:30:00+00:00,-335.9945605677656
2025-02-17 14:00:00+00:00,2025-02-17 14:00:00+00:00,208.8604854470992
2025-02-17 14:30:00+00:00,2025-02-17 14:30:00+00:00,135.77685089985303
2025-02-17 15:00:00+00:00,2025-02-17 15:00:00+00:00,63.785134920634924
2025-02-17 15:30:00+00:00,2025-02-17 15:30:00+00:00,-444.8476113367986
2025-02-17 16:00:00+00:00,2025-02-17 16:00:00+00:00,-450.53336706349205
2025-02-17 16:30:00+00:00,2025-02-17 16:30:00+00:00,-363.626401047619
2025-02-17 17:00:00+00:00,2025-02-17 17:00:00+00:00,32.04969907407408
2025-02-17 17:30:00+00:00,2025-02-17 17:30:00+00:00,212.95410478535354
2025-02-17 18:00:00+00:00,2025-02-17 18:00:00+00:00,226.434337020202
2025-02-17 18:30:00+00:00,2025-02-17 18:30:00+00:00,-101.26754020833333
2025-02-17 19:00:00+00:00,2025-02-17 19:00:00+00:00,241.18162127134434
2025-02-17 19:30:00+00:00,2025-02-17 19:30:00+00:00,-303.7408607449495
2025-02-17 20:00:00+00:00,2025-02-17 20:00:00+00:00,132.5611110648148
2025-02-17 20:30:00+00:00,2025-02-17 20:30:00+00:00,-72.37031557846929
2025-02-17 21:00:00+00:00,2025-02-17 21:00:00+00:00,46.81148900673401
2025-02-17 21:30:00+00:00,2025-02-17 21:30:00+00:00,650.6619914648587
2025-02-17 22:00:00+00:00,2025-02-17 22:00:00+00:00,279.0589593235302
2025-02-17 22:30:00+00:00,2025-02-17 22:30:00+00:00,608.5621291802412
2025-02-17 23:00:00+00:00,2025-02-17 23:00:00+00:00,357.52558059523807
2025-02-17 23:30:00+00:00,2025-02-17 23:30:00+00:00,333.7863015873016
2025-02-18 00:00:00+00:00,2025-02-18 00:00:00+00:00,-89.38837812698412
2025-02-18 00:30:00+00:00,2025-02-18 00:30:00+00:00,-26.47151642857143
2025-02-18 01:00:00+00:00,2025-02-18 01:00:00+00:00,-228.30832541666666
2025-02-18 01:30:00+00:00,2025-02-18 01:30:00+00:00,-274.41379365079365
2025-02-18 02:00:00+00:00,2025-02-18 02:00:00+00:00,-138.94444444444446
2025-02-18 02:30:00+00:00,2025-02-18 02:30:00+00:00,174.87777848484848
2025-02-18 03:00:00+00:00,2025-02-18 03:00:00+00:00,131.78280490451388
2025-02-18 03:30:00+00:00,2025-02-18 03:30:00+00:00,-34.79833547775048
2025-02-18 04:00:00+00:00,2025-02-18 04:00:00+00:00,-42.66169167748918
2025-02-18 04:30:00+00:00,2025-02-18 04:30:00+00:00,59.099761225549145
2025-02-18 05:00:00+00:00,2025-02-18 05:00:00+00:00,374.97875721049786
2025-02-18 05:30:00+00:00,2025-02-18 05:30:00+00:00,166.99715873015873
2025-02-18 06:00:00+00:00,2025-02-18 06:00:00+00:00,459.681977979798
2025-02-18 06:30:00+00:00,2025-02-18 06:30:00+00:00,906.779185505
2025-02-18 07:00:00+00:00,2025-02-18 07:00:00+00:00,426.55435231834474
2025-02-18 07:30:00+00:00,2025-02-18 07:30:00+00:00,515.3120656565657
2025-02-18 08:00:00+00:00,2025-02-18 08:00:00+00:00,-93.2229988888889
2025-02-18 08:30:00+00:00,2025-02-18 08:30:00+00:00,83.7553311111111
2025-02-18 09:00:00+00:00,2025-02-18 09:00:00+00:00,383.9149655864197
2025-02-18 09:30:00+00:00,2025-02-18 09:30:00+00:00,200.30055617572788
2025-02-18 10:00:00+00:00,2025-02-18 10:00:00+00:00,-254.57160931718664
2025-02-18 10:30:00+00:00,2025-02-18 10:30:00+00:00,-235.62308011752137
2025-02-18 11:00:00+00:00,2025-02-18 11:00:00+00:00,-300.7236581517094
2025-02-18 11:30:00+00:00,2025-02-18 11:30:00+00:00,-566.8514443055556
2025-02-18 12:00:00+00:00,2025-02-18 12:00:00+00:00,-433.56084390046294
2025-02-18 12:30:00+00:00,2025-02-18 12:30:00+00:00,-185.41052932539682
2025-02-18 13:00:00+00:00,2025-02-18 13:00:00+00:00,-164.5608336431624
2025-02-18 13:30:00+00:00,2025-02-18 13:30:00+00:00,-185.26550481481482
2025-02-18 14:00:00+00:00,2025-02-18 14:00:00+00:00,4.1400758547008545
2025-02-18 14:30:00+00:00,2025-02-18 14:30:00+00:00,24.79751443043068
2025-02-18 15:00:00+00:00,2025-02-18 15:00:00+00:00,396.8504388167851
2025-02-18 15:30:00+00:00,2025-02-18 15:30:00+00:00,300.43767165521126
2025-02-18 16:00:00+00:00,2025-02-18 16:00:00+00:00,66.2596505807838
2025-02-18 16:30:00+00:00,2025-02-18 16:30:00+00:00,91.70704638888888
2025-02-18 17:00:00+00:00,2025-02-18 17:00:00+00:00,-14.69625641025641
2025-02-18 17:30:00+00:00,2025-02-18 17:30:00+00:00,127.71864291088339
2025-02-18 18:00:00+00:00,2025-02-18 18:00:00+00:00,-65.14783668650793
2025-02-18 18:30:00+00:00,2025-02-18 18:30:00+00:00,-152.93430660714284
2025-02-18 19:00:00+00:00,2025-02-18 19:00:00+00:00,-237.64306298276887
2025-02-18 19:30:00+00:00,2025-02-18 19:30:00+00:00,-325.0509995008913
2025-02-18 20:00:00+00:00,2025-02-18 20:00:00+00:00,-197.42622952211187
2025-02-18 20:30:00+00:00,2025-02-18 20:30:00+00:00,-75.70138888888889
2025-02-18 21:00:00+00:00,2025-02-18 21:00:00+00:00,14.771609621212122
2025-02-18 21:30:00+00:00,2025-02-18 21:30:00+00:00,-51.960771020546716
2025-02-18 22:00:00+00:00,2025-02-18 22:00:00+00:00,-34.18987651515152
2025-02-18 22:30:00+00:00,2025-02-18 22:30:00+00:00,-177.8228636574074
2025-02-18 23:00:00+00:00,2025-02-18 23:00:00+00:00,-366.61510625
2025-02-18 23:30:00+00:00,2025-02-18 23:30:00+00:00,-279.5582209259259
2025-02-19 00:00:00+00:00,2025-02-19 00:00:00+00:00,-104.60402513888889
2025-02-19 00:30:00+00:00,2025-02-19 00:30:00+00:00,20.068412698412697
2025-02-19 01:00:00+00:00,2025-02-19 01:00:00+00:00,145.67878725491772
2025-02-19 01:30:00+00:00,2025-02-19 01:30:00+00:00,-159.5094022496738
2025-02-19 02:00:00+00:00,2025-02-19 02:00:00+00:00,-109.77023187937596
2025-02-19 02:30:00+00:00,2025-02-19 02:30:00+00:00,-66.80823844210381
2025-02-19 03:00:00+00:00,2025-02-19 03:00:00+00:00,24.333257575757575
2025-02-19 03:30:00+00:00,2025-02-19 03:30:00+00:00,-207.24221542948717
2025-02-19 04:00:00+00:00,2025-02-19 04:00:00+00:00,-191.89849976890756
2025-02-19 04:30:00+00:00,2025-02-19 04:30:00+00:00,-196.4926209527088
2025-02-19 05:00:00+00:00,2025-02-19 05:00:00+00:00,-273.48607370126706
2025-02-19 05:30:00+00:00,2025-02-19 05:30:00+00:00,-203.58889421708537
2025-02-19 06:00:00+00:00,2025-02-19 06:00:00+00:00,-26.874539627039628
2025-02-19 06:30:00+00:00,2025-02-19 06:30:00+00:00,306.9653618902418
2025-02-19 07:00:00+00:00,2025-02-19 07:00:00+00:00,-160.3267330105567
2025-02-19 07:30:00+00:00,2025-02-19 07:30:00+00:00,-51.9684927154314
2025-02-19 08:00:00+00:00,2025-02-19 08:00:00+00:00,-309.8115815550958
2025-02-19 08:30:00+00:00,2025-02-19 08:30:00+00:00,-367.6235576725965
2025-02-19 09:00:00+00:00,2025-02-19 09:00:00+00:00,-579.3784329127726
2025-02-19 09:30:00+00:00,2025-02-19 09:30:00+00:00,-217.8849693966706
2025-02-19 10:00:00+00:00,2025-02-19 10:00:00+00:00,2.3832322210839654
2025-02-19 10:30:00+00:00,2025-02-19 10:30:00+00:00,105.4139977755875
2025-02-19 11:00:00+00:00,2025-02-19 11:00:00+00:00,585.0565555555555
2025-02-19 11:30:00+00:00,2025-02-19 11:30:00+00:00,964.6189917843449
2025-02-19 12:00:00+00:00,2025-02-19 12:00:00+00:00,1082.9945424208372
2025-02-19 12:30:00+00:00,2025-02-19 12:30:00+00:00,1130.765998735119
2025-02-19 13:00:00+00:00,2025-02-19 13:00:00+00:00,612.8452682974951
2025-02-19 13:30:00+00:00,2025-02-19 13:30:00+00:00,435.85754676900586
2025-02-19 14:00:00+00:00,2025-02-19 14:00:00+00:00,476.0321097685185
2025-02-19 14:30:00+00:00,2025-02-19 14:30:00+00:00,269.6814880267042
2025-02-19 15:00:00+00:00,2025-02-19 15:00:00+00:00,542.2136134369823
2025-02-19 15:30:00+00:00,2025-02-19 15:30:00+00:00,198.2559461489899
2025-02-19 16:00:00+00:00,2025-02-19 16:00:00+00:00,77.07529777777513
2025-02-19 16:30:00+00:00,2025-02-19 16:30:00+00:00,-7.718499246672679
2025-02-19 17:00:00+00:00,2025-02-19 17:00:00+00:00,480.3385980429293
2025-02-19 17:30:00+00:00,2025-02-19 17:30:00+00:00,456.0587361111111
2025-02-19 18:00:00+00:00,2025-02-19 18:00:00+00:00,635.9352833333334
2025-02-19 18:30:00+00:00,2025-02-19 18:30:00+00:00,521.8461280815019
2025-02-19 19:00:00+00:00,2025-02-19 19:00:00+00:00,64.75968388888889
2025-02-19 19:30:00+00:00,2025-02-19 19:30:00+00:00,-246.37255983536699
2025-02-19 20:00:00+00:00,2025-02-19 20:00:00+00:00,-53.829882911227664
2025-02-19 20:30:00+00:00,2025-02-19 20:30:00+00:00,-25.336099970291148
2025-02-19 21:00:00+00:00,2025-02-19 21:00:00+00:00,535.624720039172
2025-02-19 21:30:00+00:00,2025-02-19 21:30:00+00:00,393.09298723809525
2025-02-19 22:00:00+00:00,2025-02-19 22:00:00+00:00,279.3430192671131
2025-02-19 22:30:00+00:00,2025-02-19 22:30:00+00:00,238.4108561509926
2025-02-19 23:00:00+00:00,2025-02-19 23:00:00+00:00,84.00495894412879
2025-02-19 23:30:00+00:00,2025-02-19 23:30:00+00:00,-1.5313091616390146
2025-02-20 00:00:00+00:00,2025-02-20 00:00:00+00:00,-104.34141898989898
2025-02-20 00:30:00+00:00,2025-02-20 00:30:00+00:00,-140.3649244047619
2025-02-20 01:00:00+00:00,2025-02-20 01:00:00+00:00,32.75452684689154
2025-02-20 01:30:00+00:00,2025-02-20 01:30:00+00:00,218.38555555555556
2025-02-20 02:00:00+00:00,2025-02-20 02:00:00+00:00,90.37335762877373
2025-02-20 02:30:00+00:00,2025-02-20 02:30:00+00:00,-103.94563741961367
2025-02-20 03:00:00+00:00,2025-02-20 03:00:00+00:00,72.06385080176767
2025-02-20 03:30:00+00:00,2025-02-20 03:30:00+00:00,-157.66253165322604
2025-02-20 04:00:00+00:00,2025-02-20 04:00:00+00:00,58.030406900576274
2025-02-20 04:30:00+00:00,2025-02-20 04:30:00+00:00,78.2765562941688
2025-02-20 05:00:00+00:00,2025-02-20 05:00:00+00:00,-12.492260077317527
2025-02-20 05:30:00+00:00,2025-02-20 05:30:00+00:00,-238.6756019421885
2025-02-20 06:00:00+00:00,2025-02-20 06:00:00+00:00,-512.6337654320988
2025-02-20 06:30:00+00:00,2025-02-20 06:30:00+00:00,148.2578162596227
2025-02-20 07:00:00+00:00,2025-02-20 07:00:00+00:00,16.137262544204162
2025-02-20 07:30:00+00:00,2025-02-20 07:30:00+00:00,-66.45165265873015
2025-02-20 08:00:00+00:00,2025-02-20 08:00:00+00:00,-474.3079760185185
2025-02-20 08:30:00+00:00,2025-02-20 08:30:00+00:00,-64.7672463393728
2025-02-20 09:00:00+00:00,2025-02-20 09:00:00+00:00,-463.06070728174603
2025-02-20 09:30:00+00:00,2025-02-20 09:30:00+00:00,-211.04704393518517
2025-02-20 10:00:00+00:00,2025-02-20 10:00:00+00:00,-44.3226619289534
2025-02-20 10:30:00+00:00,2025-02-20 10:30:00+00:00,-246.74665800119328
2025-02-20 11:00:00+00:00,2025-02-20 11:00:00+00:00,-288.1119180050505
2025-02-20 11:30:00+00:00,2025-02-20 11:30:00+00:00,-182.21743830139633
2025-02-20 12:00:00+00:00,2025-02-20 12:00:00+00:00,-30.085902677963155
2025-02-20 12:30:00+00:00,2025-02-20 12:30:00+00:00,-112.69130269138428
2025-02-20 13:00:00+00:00,2025-02-20 13:00:00+00:00,-41.46213933796296
2025-02-20 13:30:00+00:00,2025-02-20 13:30:00+00:00,16.413690476190474
2025-02-20 14:00:00+00:00,2025-02-20 14:00:00+00:00,-41.93315610385997
2025-02-20 14:30:00+00:00,2025-02-20 14:30:00+00:00,-277.84061491497795
2025-02-20 15:00:00+00:00,2025-02-20 15:00:00+00:00,-395.1258025462963
2025-02-20 15:30:00+00:00,2025-02-20 15:30:00+00:00,-516.9494999497707
2025-02-20 16:00:00+00:00,2025-02-20 16:00:00+00:00,-337.1456339529128
2025-02-20 16:30:00+00:00,2025-02-20 16:30:00+00:00,-315.3989833766611
2025-02-20 17:00:00+00:00,2025-02-20 17:00:00+00:00,-375.6941819443671
2025-02-20 17:30:00+00:00,2025-02-20 17:30:00+00:00,13.32362839759199
2025-02-20 18:00:00+00:00,2025-02-20 18:00:00+00:00,141.0171253968254
2025-02-20 18:30:00+00:00,2025-02-20 18:30:00+00:00,-13.043775518985223
2025-02-20 19:00:00+00:00,2025-02-20 19:00:00+00:00,41.13403753968254
2025-02-20 19:30:00+00:00,2025-02-20 19:30:00+00:00,-251.72979062207511
2025-02-20 20:00:00+00:00,2025-02-20 20:00:00+00:00,-108.12590009452076
2025-02-20 20:30:00+00:00,2025-02-20 20:30:00+00:00,-278.83082160917786
2025-02-20 21:00:00+00:00,2025-02-20 21:00:00+00:00,-6.800889403933938
2025-02-20 21:30:00+00:00,2025-02-20 21:30:00+00:00,-288.6562718611111
2025-02-20 22:00:00+00:00,2025-02-20 22:00:00+00:00,219.89023180996585
2025-02-20 22:30:00+00:00,2025-02-20 22:30:00+00:00,62.21679483333333
2025-02-20 23:00:00+00:00,2025-02-20 23:00:00+00:00,-32.79249915070234
2025-02-20 23:30:00+00:00,2025-02-20 23:30:00+00:00,-47.745161722394755
2025-02-21 00:00:00+00:00,2025-02-21 00:00:00+00:00,-229.9753982992047
2025-02-21 00:30:00+00:00,2025-02-21 00:30:00+00:00,-220.648913050012
2025-02-21 01:00:00+00:00,2025-02-21 01:00:00+00:00,19.61507222222222
2025-02-21 01:30:00+00:00,2025-02-21 01:30:00+00:00,-104.64875720757952
2025-02-21 02:00:00+00:00,2025-02-21 02:00:00+00:00,-132.56837537698414
2025-02-21 02:30:00+00:00,2025-02-21 02:30:00+00:00,-174.46275145833334
2025-02-21 03:00:00+00:00,2025-02-21 03:00:00+00:00,-324.61822365548977
2025-02-21 03:30:00+00:00,2025-02-21 03:30:00+00:00,-310.62275698990044
2025-02-21 04:00:00+00:00,2025-02-21 04:00:00+00:00,-89.76496381824194
2025-02-21 04:30:00+00:00,2025-02-21 04:30:00+00:00,-714.223437697164
2025-02-21 05:00:00+00:00,2025-02-21 05:00:00+00:00,-1178.4847485639798
2025-02-21 05:30:00+00:00,2025-02-21 05:30:00+00:00,-1034.1647525530602
2025-02-21 06:00:00+00:00,2025-02-21 06:00:00+00:00,-964.852996441799
2025-02-21 06:30:00+00:00,2025-02-21 06:30:00+00:00,-485.88458800007464
2025-02-21 07:00:00+00:00,2025-02-21 07:00:00+00:00,-702.1368799847614
2025-02-21 07:30:00+00:00,2025-02-21 07:30:00+00:00,-508.56464484640435
2025-02-21 08:00:00+00:00,2025-02-21 08:00:00+00:00,-222.19055745813867
2025-02-21 08:30:00+00:00,2025-02-21 08:30:00+00:00,57.45785798460798
2025-02-21 09:00:00+00:00,2025-02-21 09:00:00+00:00,115.94146216615137
2025-02-21 09:30:00+00:00,2025-02-21 09:30:00+00:00,356.9199261494709
2025-02-21 10:00:00+00:00,2025-02-21 10:00:00+00:00,288.6480680515873
2025-02-21 10:30:00+00:00,2025-02-21 10:30:00+00:00,125.0214788117284
2025-02-21 11:00:00+00:00,2025-02-21 11:00:00+00:00,-171.05968485380117
2025-02-21 11:30:00+00:00,2025-02-21 11:30:00+00:00,-35.17178154880461
2025-02-21 12:00:00+00:00,2025-02-21 12:00:00+00:00,-295.0857326068376
2025-02-21 12:30:00+00:00,2025-02-21 12:30:00+00:00,-481.6478490995116
2025-02-21 13:00:00+00:00,2025-02-21 13:00:00+00:00,-287.01285635799195
2025-02-21 13:30:00+00:00,2025-02-21 13:30:00+00:00,-401.4896648611111
2025-02-21 14:00:00+00:00,2025-02-21 14:00:00+00:00,23.935546706349207
2025-02-21 14:30:00+00:00,2025-02-21 14:30:00+00:00,74.28303251916418
2025-02-21 15:00:00+00:00,2025-02-21 15:00:00+00:00,159.82875625
2025-02-21 15:30:00+00:00,2025-02-21 15:30:00+00:00,103.61026764208962
2025-02-21 16:00:00+00:00,2025-02-21 16:00:00+00:00,-81.38471665622389
2025-02-21 16:30:00+00:00,2025-02-21 16:30:00+00:00,-89.77173107849752
2025-02-21 17:00:00+00:00,2025-02-21 17:00:00+00:00,-211.25120538522467
2025-02-21 17:30:00+00:00,2025-02-21 17:30:00+00:00,43.17254128830503
2025-02-21 18:00:00+00:00,2025-02-21 18:00:00+00:00,23.310976568294922
2025-02-21 18:30:00+00:00,2025-02-21 18:30:00+00:00,-135.0077777777778
2025-02-21 19:00:00+00:00,2025-02-21 19:00:00+00:00,-245.0614003174603
2025-02-21 19:30:00+00:00,2025-02-21 19:30:00+00:00,-352.4798239772727
2025-02-21 20:00:00+00:00,2025-02-21 20:00:00+00:00,-426.94883445526693
2025-02-21 20:30:00+00:00,2025-02-21 20:30:00+00:00,-740.009380952381
2025-02-21 21:00:00+00:00,2025-02-21 21:00:00+00:00,-563.4878550595238
2025-02-21 21:30:00+00:00,2025-02-21 21:30:00+00:00,-716.4322088888889
2025-02-21 22:00:00+00:00,2025-02-21 22:00:00+00:00,-635.1871930555556
2025-02-21 22:30:00+00:00,2025-02-21 22:30:00+00:00,-873.9415425948827
2025-02-21 23:00:00+00:00,2025-02-21 23:00:00+00:00,-336.4983325378788
2025-02-21 23:30:00+00:00,2025-02-21 23:30:00+00:00,-606.2348034427516
2025-02-22 00:00:00+00:00,2025-02-22 00:00:00+00:00,-658.3284466305917
2025-02-22 00:30:00+00:00,2025-02-22 00:30:00+00:00,-300.1655444246032
2025-02-22 01:00:00+00:00,2025-02-22 01:00:00+00:00,-236.66697715608467
2025-02-22 01:30:00+00:00,2025-02-22 01:30:00+00:00,-452.1882724074074
2025-02-22 02:00:00+00:00,2025-02-22 02:00:00+00:00,-655.9656877314815
2025-02-22 02:30:00+00:00,2025-02-22 02:30:00+00:00,-706.8830560879629
2025-02-22 03:00:00+00:00,2025-02-22 03:00:00+00:00,-813.9259465555556
2025-02-22 03:30:00+00:00,2025-02-22 03:30:00+00:00,-608.6314533496732
2025-02-22 04:00:00+00:00,2025-02-22 04:00:00+00:00,-386.4944922532783
2025-02-22 04:30:00+00:00,2025-02-22 04:30:00+00:00,-492.7819329166667
2025-02-22 05:00:00+00:00,2025-02-22 05:00:00+00:00,-420.7845451388889
2025-02-22 05:30:00+00:00,2025-02-22 05:30:00+00:00,-478.26366409299516
2025-02-22 06:00:00+00:00,2025-02-22 06:00:00+00:00,-691.070540369152
2025-02-22 06:30:00+00:00,2025-02-22 06:30:00+00:00,-367.74244360902253
2025-02-22 07:00:00+00:00,2025-02-22 07:00:00+00:00,-242.56461814742926
2025-02-22 07:30:00+00:00,2025-02-22 07:30:00+00:00,-39.05347622436591
2025-02-22 08:00:00+00:00,2025-02-22 08:00:00+00:00,-228.66077727727728
2025-02-22 08:30:00+00:00,2025-02-22 08:30:00+00:00,-328.10531531200843
2025-02-22 09:00:00+00:00,2025-02-22 09:00:00+00:00,-348.9033036233211
2025-02-22 09:30:00+00:00,2025-02-22 09:30:00+00:00,-446.354701013431
2025-02-22 10:00:00+00:00,2025-02-22 10:00:00+00:00,-347.87251577075705
2025-02-22 10:30:00+00:00,2025-02-22 10:30:00+00:00,-620.9540344246052
2025-02-22 11:00:00+00:00,2025-02-22 11:00:00+00:00,-232.86660823759456
2025-02-22 11:30:00+00:00,2025-02-22 11:30:00+00:00,-296.01272009470244
2025-02-22 12:00:00+00:00,2025-02-22 12:00:00+00:00,-583.8326322508818
2025-02-22 12:30:00+00:00,2025-02-22 12:30:00+00:00,-716.7380933219373
2025-02-22 13:00:00+00:00,2025-02-22 13:00:00+00:00,-982.7129419138936
2025-02-22 13:30:00+00:00,2025-02-22 13:30:00+00:00,-1336.251139025791
2025-02-22 14:00:00+00:00,2025-02-22 14:00:00+00:00,-989.1620891666666
2025-02-22 14:30:00+00:00,2025-02-22 14:30:00+00:00,-1214.2395977380952
2025-02-22 15:00:00+00:00,2025-02-22 15:00:00+00:00,-1454.222671336619
2025-02-22 15:30:00+00:00,2025-02-22 15:30:00+00:00,-1242.9489201943518
2025-02-22 16:00:00+00:00,2025-02-22 16:00:00+00:00,-987.6627777777778
2025-02-22 16:30:00+00:00,2025-02-22 16:30:00+00:00,-87.82112711500974
2025-02-22 17:00:00+00:00,2025-02-22 17:00:00+00:00,269.22655961133216
2025-02-22 17:30:00+00:00,2025-02-22 17:30:00+00:00,504.7198155651341
2025-02-22 18:00:00+00:00,2025-02-22 18:00:00+00:00,585.0621838888889
2025-02-22 18:30:00+00:00,2025-02-22 18:30:00+00:00,287.99333416666667
2025-02-22 19:00:00+00:00,2025-02-22 19:00:00+00:00,28.896806307421087
2025-02-22 19:30:00+00:00,2025-02-22 19:30:00+00:00,-196.22742191919193
2025-02-22 20:00:00+00:00,2025-02-22 20:00:00+00:00,-293.54786324786323
2025-02-22 20:30:00+00:00,2025-02-22 20:30:00+00:00,-187.23737220935314
2025-02-22 21:00:00+00:00,2025-02-22 21:00:00+00:00,78.56655215338164
2025-02-22 21:30:00+00:00,2025-02-22 21:30:00+00:00,-82.47415167874397
2025-02-22 22:00:00+00:00,2025-02-22 22:00:00+00:00,26.605458205128205
2025-02-22 22:30:00+00:00,2025-02-22 22:30:00+00:00,-115.33263833333334
2025-02-22 23:00:00+00:00,2025-02-22 23:00:00+00:00,-159.13005833333332
2025-02-22 23:30:00+00:00,2025-02-22 23:30:00+00:00,-571.1353530392157
2025-02-23 00:00:00+00:00,2025-02-23 00:00:00+00:00,-742.4334291830065
2025-02-23 00:30:00+00:00,2025-02-23 00:30:00+00:00,-690.3958191898297
2025-02-23 01:00:00+00:00,2025-02-23 01:00:00+00:00,-627.1570069528619
2025-02-23 01:30:00+00:00,2025-02-23 01:30:00+00:00,-571.7768741237743
2025-02-23 02:00:00+00:00,2025-02-23 02:00:00+00:00,8.479206542680329
2025-02-23 02:30:00+00:00,2025-02-23 02:30:00+00:00,-109.33611163851961
2025-02-23 03:00:00+00:00,2025-02-23 03:00:00+00:00,48.11251599132015
2025-02-23 03:30:00+00:00,2025-02-23 03:30:00+00:00,-243.2540457656695
2025-02-23 04:00:00+00:00,2025-02-23 04:00:00+00:00,-241.32976225277818
2025-02-23 04:30:00+00:00,2025-02-23 04:30:00+00:00,-749.5252541120033
2025-02-23 05:00:00+00:00,2025-02-23 05:00:00+00:00,-376.42971157736145
2025-02-23 05:30:00+00:00,2025-02-23 05:30:00+00:00,-407.2571661617624
2025-02-23 06:00:00+00:00,2025-02-23 06:00:00+00:00,-237.88782333333333
2025-02-23 06:30:00+00:00,2025-02-23 06:30:00+00:00,-199.55335027777778
2025-02-23 07:00:00+00:00,2025-02-23 07:00:00+00:00,-38.22835426039956
2025-02-23 07:30:00+00:00,2025-02-23 07:30:00+00:00,-197.10923723864258
2025-02-23 08:00:00+00:00,2025-02-23 08:00:00+00:00,-651.6262174603174
2025-02-23 08:30:00+00:00,2025-02-23 08:30:00+00:00,-275.9192699299832
2025-02-23 09:00:00+00:00,2025-02-23 09:00:00+00:00,230.40608882555716
2025-02-23 09:30:00+00:00,2025-02-23 09:30:00+00:00,407.4088214970288
2025-02-23 10:00:00+00:00,2025-02-23 10:00:00+00:00,114.10223128802447
2025-02-23 10:30:00+00:00,2025-02-23 10:30:00+00:00,190.4537325615588
2025-02-23 11:00:00+00:00,2025-02-23 11:00:00+00:00,-572.1573315994359
2025-02-23 11:30:00+00:00,2025-02-23 11:30:00+00:00,-514.9218428174603
2025-02-23 12:00:00+00:00,2025-02-23 12:00:00+00:00,-825.7167681991712
2025-02-23 12:30:00+00:00,2025-02-23 12:30:00+00:00,-851.3424053438572
2025-02-23 13:00:00+00:00,2025-02-23 13:00:00+00:00,-696.3466830681616
2025-02-23 13:30:00+00:00,2025-02-23 13:30:00+00:00,-416.26801082437277
2025-02-23 14:00:00+00:00,2025-02-23 14:00:00+00:00,-273.015063046595
2025-02-23 14:30:00+00:00,2025-02-23 14:30:00+00:00,-237.34552481812761
2025-02-23 15:00:00+00:00,2025-02-23 15:00:00+00:00,-314.9246260967326
2025-02-23 15:30:00+00:00,2025-02-23 15:30:00+00:00,-188.5417643646742
2025-02-23 16:00:00+00:00,2025-02-23 16:00:00+00:00,-429.85869115792354
2025-02-23 16:30:00+00:00,2025-02-23 16:30:00+00:00,-372.0535511688466
2025-02-23 17:00:00+00:00,2025-02-23 17:00:00+00:00,115.00601627944972
2025-02-23 17:30:00+00:00,2025-02-23 17:30:00+00:00,304.6684151261687
2025-02-23 18:00:00+00:00,2025-02-23 18:00:00+00:00,434.7693940484389
2025-02-23 18:30:00+00:00,2025-02-23 18:30:00+00:00,344.1944187270138
2025-02-23 19:00:00+00:00,2025-02-23 19:00:00+00:00,-29.87224430299539
2025-02-23 19:30:00+00:00,2025-02-23 19:30:00+00:00,-56.25057206591
2025-02-23 20:00:00+00:00,2025-02-23 20:00:00+00:00,-26.25468259416461
2025-02-23 20:30:00+00:00,2025-02-23 20:30:00+00:00,-201.96268815552492
2025-02-23 21:00:00+00:00,2025-02-23 21:00:00+00:00,10.499933828303076
2025-02-23 21:30:00+00:00,2025-02-23 21:30:00+00:00,-169.11912088388567
2025-02-23 22:00:00+00:00,2025-02-23 22:00:00+00:00,1.4265544444444445
2025-02-23 22:30:00+00:00,2025-02-23 22:30:00+00:00,-475.2217970362392
2025-02-23 23:00:00+00:00,2025-02-23 23:00:00+00:00,-283.5292612247475
2025-02-23 23:30:00+00:00,2025-02-23 23:30:00+00:00,-304.3497777777778
2025-02-24 00:00:00+00:00,2025-02-24 00:00:00+00:00,-414.6234763492063
2025-02-24 00:30:00+00:00,2025-02-24 00:30:00+00:00,-272.4513571693122
2025-02-24 01:00:00+00:00,2025-02-24 01:00:00+00:00,-184.9592815910424
2025-02-24 01:30:00+00:00,2025-02-24 01:30:00+00:00,-156.40491853801169
2025-02-24 02:00:00+00:00,2025-02-24 02:00:00+00:00,-498.7640509064328
2025-02-24 02:30:00+00:00,2025-02-24 02:30:00+00:00,-426.7189998611111
2025-02-24 03:00:00+00:00,2025-02-24 03:00:00+00:00,-26.75
2025-02-24 03:30:00+00:00,2025-02-24 03:30:00+00:00,-209.84208448933782
2025-02-24 04:00:00+00:00,2025-02-24 04:00:00+00:00,-402.43857409090907
2025-02-24 04:30:00+00:00,2025-02-24 04:30:00+00:00,-523.5117447334096
2025-02-24 05:00:00+00:00,2025-02-24 05:00:00+00:00,113.24809136002887
2025-02-24 05:30:00+00:00,2025-02-24 05:30:00+00:00,296.5091164630549
2025-02-24 06:00:00+00:00,2025-02-24 06:00:00+00:00,31.481551258429022
2025-02-24 06:30:00+00:00,2025-02-24 06:30:00+00:00,260.39219516016885
2025-02-24 07:00:00+00:00,2025-02-24 07:00:00+00:00,164.97437272927996
2025-02-24 07:30:00+00:00,2025-02-24 07:30:00+00:00,237.35515842948718
2025-02-24 08:00:00+00:00,2025-02-24 08:00:00+00:00,-35.09074884259259
2025-02-24 08:30:00+00:00,2025-02-24 08:30:00+00:00,34.362558935185184
2025-02-24 09:00:00+00:00,2025-02-24 09:00:00+00:00,121.64512527777778
2025-02-24 09:30:00+00:00,2025-02-24 09:30:00+00:00,-13.888320370370371
2025-02-24 10:00:00+00:00,2025-02-24 10:00:00+00:00,-152.80983810185185
2025-02-24 10:30:00+00:00,2025-02-24 10:30:00+00:00,-194.40833333333333
2025-02-24 11:00:00+00:00,2025-02-24 11:00:00+00:00,-421.2015348074495
2025-02-24 11:30:00+00:00,2025-02-24 11:30:00+00:00,-677.9070767676768
2025-02-24 12:00:00+00:00,2025-02-24 12:00:00+00:00,-731.3019444444444
2025-02-24 12:30:00+00:00,2025-02-24 12:30:00+00:00,-877.2712218055556
2025-02-24 13:00:00+00:00,2025-02-24 13:00:00+00:00,-1029.807069875731
2025-02-24 13:30:00+00:00,2025-02-24 13:30:00+00:00,-1330.172812702871
2025-02-24 14:00:00+00:00,2025-02-24 14:00:00+00:00,-1551.2703666193813
2025-02-24 14:30:00+00:00,2025-02-24 14:30:00+00:00,-1710.784357574594
2025-02-24 15:00:00+00:00,2025-02-24 15:00:00+00:00,-1094.4286138113591
2025-02-24 15:30:00+00:00,2025-02-24 15:30:00+00:00,-950.4114213440206
2025-02-24 16:00:00+00:00,2025-02-24 16:00:00+00:00,-787.7136698887532
2025-02-24 16:30:00+00:00,2025-02-24 16:30:00+00:00,-471.5041388778316
2025-02-24 17:00:00+00:00,2025-02-24 17:00:00+00:00,-475.782410130719
2025-02-24 17:30:00+00:00,2025-02-24 17:30:00+00:00,117.42902615079365
2025-02-24 18:00:00+00:00,2025-02-24 18:00:00+00:00,183.04741394443056
2025-02-24 18:30:00+00:00,2025-02-24 18:30:00+00:00,488.9693277910053
2025-02-24 19:00:00+00:00,2025-02-24 19:00:00+00:00,804.7202096825397
2025-02-24 19:30:00+00:00,2025-02-24 19:30:00+00:00,529.2738271825397
2025-02-24 20:00:00+00:00,2025-02-24 20:00:00+00:00,387.09660477453104
2025-02-24 20:30:00+00:00,2025-02-24 20:30:00+00:00,-65.53832256547433
2025-02-24 21:00:00+00:00,2025-02-24 21:00:00+00:00,-108.41310694444445
2025-02-24 21:30:00+00:00,2025-02-24 21:30:00+00:00,3.4862628548072077
2025-02-24 22:00:00+00:00,2025-02-24 22:00:00+00:00,15.603393246328224
2025-02-24 22:30:00+00:00,2025-02-24 22:30:00+00:00,-256.6307110868442
2025-02-24 23:00:00+00:00,2025-02-24 23:00:00+00:00,82.69616865562678
2025-02-24 23:30:00+00:00,2025-02-24 23:30:00+00:00,59.55929487179487
2025-02-25 00:00:00+00:00,2025-02-25 00:00:00+00:00,168.2005399404762
2025-02-25 00:30:00+00:00,2025-02-25 00:30:00+00:00,359.5837062301587
2025-02-25 01:00:00+00:00,2025-02-25 01:00:00+00:00,759.4616995238096
2025-02-25 01:30:00+00:00,2025-02-25 01:30:00+00:00,484.46500237978523
2025-02-25 02:00:00+00:00,2025-02-25 02:00:00+00:00,65.93318829530423
2025-02-25 02:30:00+00:00,2025-02-25 02:30:00+00:00,-294.3290134848485
2025-02-25 03:00:00+00:00,2025-02-25 03:00:00+00:00,-225.72572222222223
2025-02-25 03:30:00+00:00,2025-02-25 03:30:00+00:00,-60.299166666666665
2025-02-25 04:00:00+00:00,2025-02-25 04:00:00+00:00,163.88221657407408
2025-02-25 04:30:00+00:00,2025-02-25 04:30:00+00:00,241.44364328924163
2025-02-25 05:00:00+00:00,2025-02-25 05:00:00+00:00,366.4812803579077
2025-02-25 05:30:00+00:00,2025-02-25 05:30:00+00:00,57.17334343434344
2025-02-25 06:00:00+00:00,2025-02-25 06:00:00+00:00,-40.281666666666666
2025-02-25 06:30:00+00:00,2025-02-25 06:30:00+00:00,-96.2600861388889
2025-02-25 07:00:00+00:00,2025-02-25 07:00:00+00:00,-98.21914432692307
2025-02-25 07:30:00+00:00,2025-02-25 07:30:00+00:00,128.74604425925926
2025-02-25 08:00:00+00:00,2025-02-25 08:00:00+00:00,169.01657657407407
2025-02-25 08:30:00+00:00,2025-02-25 08:30:00+00:00,-101.35431226190477
2025-02-25 09:00:00+00:00,2025-02-25 09:00:00+00:00,-187.49
2025-02-25 09:30:00+00:00,2025-02-25 09:30:00+00:00,-587.0838888888889
2025-02-25 10:00:00+00:00,2025-02-25 10:00:00+00:00,-584.3469444444445
2025-02-25 10:30:00+00:00,2025-02-25 10:30:00+00:00,-379.9542373148148
2025-02-25 11:00:00+00:00,2025-02-25 11:00:00+00:00,-692.1133384920635
2025-02-25 11:30:00+00:00,2025-02-25 11:30:00+00:00,-649.2247055026455
2025-02-25 12:00:00+00:00,2025-02-25 12:00:00+00:00,-361.5999660144485
2025-02-25 12:30:00+00:00,2025-02-25 12:30:00+00:00,-171.82022314947005
2025-02-25 13:00:00+00:00,2025-02-25 13:00:00+00:00,-186.666202767094
2025-02-25 13:30:00+00:00,2025-02-25 13:30:00+00:00,-211.5511111111111
2025-02-25 14:00:00+00:00,2025-02-25 14:00:00+00:00,-262.8367964678363
2025-02-25 14:30:00+00:00,2025-02-25 14:30:00+00:00,-762.4854927777777
2025-02-25 15:00:00+00:00,2025-02-25 15:00:00+00:00,-1087.8446111111111
2025-02-25 15:30:00+00:00,2025-02-25 15:30:00+00:00,-484.3352434417707
2025-02-25 16:00:00+00:00,2025-02-25 16:00:00+00:00,-147.6138902664724
2025-02-25 16:30:00+00:00,2025-02-25 16:30:00+00:00,-539.3817393055556
2025-02-25 17:00:00+00:00,2025-02-25 17:00:00+00:00,-291.69391666666667
2025-02-25 17:30:00+00:00,2025-02-25 17:30:00+00:00,-237.47912833286412
2025-02-25 18:00:00+00:00,2025-02-25 18:00:00+00:00,53.731022522108454
2025-02-25 18:30:00+00:00,2025-02-25 18:30:00+00:00,-6.136222916666667
2025-02-25 19:00:00+00:00,2025-02-25 19:00:00+00:00,54.78409344133333
2025-02-25 19:30:00+00:00,2025-02-25 19:30:00+00:00,-45.67862949074074
2025-02-25 20:00:00+00:00,2025-02-25 20:00:00+00:00,-88.9592884920635
2025-02-25 20:30:00+00:00,2025-02-25 20:30:00+00:00,-278.55702138888887
2025-02-25 21:00:00+00:00,2025-02-25 21:00:00+00:00,-224.79895496527777
2025-02-25 21:30:00+00:00,2025-02-25 21:30:00+00:00,-9.564157403213827
2025-02-25 22:00:00+00:00,2025-02-25 22:00:00+00:00,171.94980925161875
2025-02-25 22:30:00+00:00,2025-02-25 22:30:00+00:00,30.040036819970155
2025-02-25 23:00:00+00:00,2025-02-25 23:00:00+00:00,-101.92812663580247
2025-02-25 23:30:00+00:00,2025-02-25 23:30:00+00:00,-6.605109054659498
2025-02-26 00:00:00+00:00,2025-02-26 00:00:00+00:00,-217.38144127688173
2025-02-26 00:30:00+00:00,2025-02-26 00:30:00+00:00,-477.21236363799284
2025-02-26 01:00:00+00:00,2025-02-26 01:00:00+00:00,-44.79441238799283
2025-02-26 01:30:00+00:00,2025-02-26 01:30:00+00:00,127.90343602470558
2025-02-26 02:00:00+00:00,2025-02-26 02:00:00+00:00,43.92611898353495
2025-02-26 02:30:00+00:00,2025-02-26 02:30:00+00:00,-60.104746415770606
2025-02-26 03:00:00+00:00,2025-02-26 03:00:00+00:00,-8.007829749103943
2025-02-26 03:30:00+00:00,2025-02-26 03:30:00+00:00,-116.20510752688172
2025-02-26 04:00:00+00:00,2025-02-26 04:00:00+00:00,-55.68213201089846
2025-02-26 04:30:00+00:00,2025-02-26 04:30:00+00:00,40.50658724340176
2025-02-26 05:00:00+00:00,2025-02-26 05:00:00+00:00,369.0766021505376
2025-02-26 05:30:00+00:00,2025-02-26 05:30:00+00:00,464.60305053678104
2025-02-26 06:00:00+00:00,2025-02-26 06:00:00+00:00,476.23272430555556
2025-02-26 06:30:00+00:00,2025-02-26 06:30:00+00:00,497.9467200763342
2025-02-26 07:00:00+00:00,2025-02-26 07:00:00+00:00,441.04168791666666
2025-02-26 07:30:00+00:00,2025-02-26 07:30:00+00:00,577.5709969958283
2025-02-26 08:00:00+00:00,2025-02-26 08:00:00+00:00,492.52955903701235
2025-02-26 08:30:00+00:00,2025-02-26 08:30:00+00:00,568.794841223545
2025-02-26 09:00:00+00:00,2025-02-26 09:00:00+00:00,262.03142888527844
2025-02-26 09:30:00+00:00,2025-02-26 09:30:00+00:00,-11.573467032828283
2025-02-26 10:00:00+00:00,2025-02-26 10:00:00+00:00,-51.606702272727276
2025-02-26 10:30:00+00:00,2025-02-26 10:30:00+00:00,-322.454072962963
2025-02-26 11:00:00+00:00,2025-02-26 11:00:00+00:00,-119.41823893665492
2025-02-26 11:30:00+00:00,2025-02-26 11:30:00+00:00,-57.70521996241606
2025-02-26 12:00:00+00:00,2025-02-26 12:00:00+00:00,-361.51396837798717
2025-02-26 12:30:00+00:00,2025-02-26 12:30:00+00:00,-573.8419970589133
2025-02-26 13:00:00+00:00,2025-02-26 13:00:00+00:00,-182.53425285820887
2025-02-26 13:30:00+00:00,2025-02-26 13:30:00+00:00,-136.69125166666666
2025-02-26 14:00:00+00:00,2025-02-26 14:00:00+00:00,-502.48975009043926
2025-02-26 14:30:00+00:00,2025-02-26 14:30:00+00:00,-148.42675302706553
2025-02-26 15:00:00+00:00,2025-02-26 15:00:00+00:00,-361.22384176277234
2025-02-26 15:30:00+00:00,2025-02-26 15:30:00+00:00,81.14839487226976
2025-02-26 16:00:00+00:00,2025-02-26 16:00:00+00:00,93.08395203553756
2025-02-26 16:30:00+00:00,2025-02-26 16:30:00+00:00,143.67057578266642
2025-02-26 17:00:00+00:00,2025-02-26 17:00:00+00:00,88.89061236111111
2025-02-26 17:30:00+00:00,2025-02-26 17:30:00+00:00,141.72076248246532
2025-02-26 18:00:00+00:00,2025-02-26 18:00:00+00:00,121.99422345238095
2025-02-26 18:30:00+00:00,2025-02-26 18:30:00+00:00,86.07892713250293
2025-02-26 19:00:00+00:00,2025-02-26 19:00:00+00:00,175.06702977004153
2025-02-26 19:30:00+00:00,2025-02-26 19:30:00+00:00,152.79687847222223
2025-02-26 20:00:00+00:00,2025-02-26 20:00:00+00:00,155.0889627659757
2025-02-26 20:30:00+00:00,2025-02-26 20:30:00+00:00,-195.27291777777776
2025-02-26 21:00:00+00:00,2025-02-26 21:00:00+00:00,-279.9490338164251
2025-02-26 21:30:00+00:00,2025-02-26 21:30:00+00:00,4.589606369047619
2025-02-26 22:00:00+00:00,2025-02-26 22:00:00+00:00,-323.9479445
2025-02-26 22:30:00+00:00,2025-02-26 22:30:00+00:00,-569.0686818902857
2025-02-26 23:00:00+00:00,2025-02-26 23:00:00+00:00,-264.87516725996227
2025-02-26 23:30:00+00:00,2025-02-26 23:30:00+00:00,-84.71257982091983
2025-02-27 00:00:00+00:00,2025-02-27 00:00:00+00:00,-68.5566976381108
2025-02-27 00:30:00+00:00,2025-02-27 00:30:00+00:00,-171.21487212095374
2025-02-27 01:00:00+00:00,2025-02-27 01:00:00+00:00,-194.29950062447918
2025-02-27 01:30:00+00:00,2025-02-27 01:30:00+00:00,-157.6305512152778
2025-02-27 02:00:00+00:00,2025-02-27 02:00:00+00:00,-261.6738095238095
2025-02-27 02:30:00+00:00,2025-02-27 02:30:00+00:00,-190.64503968253968
2025-02-27 03:00:00+00:00,2025-02-27 03:00:00+00:00,-206.15912698412697
2025-02-27 03:30:00+00:00,2025-02-27 03:30:00+00:00,-85.02055416666667
2025-02-27 04:00:00+00:00,2025-02-27 04:00:00+00:00,192.29959970238096
2025-02-27 04:30:00+00:00,2025-02-27 04:30:00+00:00,299.4655212835775
2025-02-27 05:00:00+00:00,2025-02-27 05:00:00+00:00,16.589057374338623
2025-02-27 05:30:00+00:00,2025-02-27 05:30:00+00:00,-305.82761904761907
2025-02-27 06:00:00+00:00,2025-02-27 06:00:00+00:00,-383.31602741702744
2025-02-27 06:30:00+00:00,2025-02-27 06:30:00+00:00,29.87557388888889
2025-02-27 07:00:00+00:00,2025-02-27 07:00:00+00:00,207.03152238886807
2025-02-27 07:30:00+00:00,2025-02-27 07:30:00+00:00,24.491949325396824
2025-02-27 08:00:00+00:00,2025-02-27 08:00:00+00:00,-146.11066666666667
2025-02-27 08:30:00+00:00,2025-02-27 08:30:00+00:00,-437.73234126984124
2025-02-27 09:00:00+00:00,2025-02-27 09:00:00+00:00,-626.5288002777778
2025-02-27 09:30:00+00:00,2025-02-27 09:30:00+00:00,-650.7062461111111
2025-02-27 10:00:00+00:00,2025-02-27 10:00:00+00:00,-379.8207573845599
2025-02-27 10:30:00+00:00,2025-02-27 10:30:00+00:00,-431.133164983165
2025-02-27 11:00:00+00:00,2025-02-27 11:00:00+00:00,-465.56251389635605
2025-02-27 11:30:00+00:00,2025-02-27 11:30:00+00:00,-258.87461933768986
2025-02-27 12:00:00+00:00,2025-02-27 12:00:00+00:00,-101.69494339324619
2025-02-27 12:30:00+00:00,2025-02-27 12:30:00+00:00,-315.5829545328283
2025-02-27 13:00:00+00:00,2025-02-27 13:00:00+00:00,-532.4465151515152
2025-02-27 13:30:00+00:00,2025-02-27 13:30:00+00:00,-542.679169831065
2025-02-27 14:00:00+00:00,2025-02-27 14:00:00+00:00,-305.1355665839537
2025-02-27 14:30:00+00:00,2025-02-27 14:30:00+00:00,-341.5966457795699
2025-02-27 15:00:00+00:00,2025-02-27 15:00:00+00:00,-613.4315106830747
2025-02-27 15:30:00+00:00,2025-02-27 15:30:00+00:00,-561.7099058048655
2025-02-27 16:00:00+00:00,2025-02-27 16:00:00+00:00,-353.02791606679745
2025-02-27 16:30:00+00:00,2025-02-27 16:30:00+00:00,-293.7669755128205
2025-02-27 17:00:00+00:00,2025-02-27 17:00:00+00:00,-69.95126634278003
2025-02-27 17:30:00+00:00,2025-02-27 17:30:00+00:00,-11.592307692307692
2025-02-27 18:00:00+00:00,2025-02-27 18:00:00+00:00,60.32220736111111
2025-02-27 18:30:00+00:00,2025-02-27 18:30:00+00:00,63.46651799601852
2025-02-27 19:00:00+00:00,2025-02-27 19:00:00+00:00,42.00416027777778
2025-02-27 19:30:00+00:00,2025-02-27 19:30:00+00:00,-0.06275833333333333
2025-02-27 20:00:00+00:00,2025-02-27 20:00:00+00:00,145.6850677777778
2025-02-27 20:30:00+00:00,2025-02-27 20:30:00+00:00,165.8615536111111
2025-02-27 21:00:00+00:00,2025-02-27 21:00:00+00:00,59.173559873737375
2025-02-27 21:30:00+00:00,2025-02-27 21:30:00+00:00,-11.882372579365079
2025-02-27 22:00:00+00:00,2025-02-27 22:00:00+00:00,62.66301479816599
2025-02-27 22:30:00+00:00,2025-02-27 22:30:00+00:00,351.32119494949495
2025-02-27 23:00:00+00:00,2025-02-27 23:00:00+00:00,-151.63134523809524
2025-02-27 23:30:00+00:00,2025-02-27 23:30:00+00:00,-256.1596654497354
2025-02-28 00:00:00+00:00,2025-02-28 00:00:00+00:00,-207.80647817460317
2025-02-28 00:30:00+00:00,2025-02-28 00:30:00+00:00,44.48546936864186
2025-02-28 01:00:00+00:00,2025-02-28 01:00:00+00:00,172.98521405954975
2025-02-28 01:30:00+00:00,2025-02-28 01:30:00+00:00,189.79389631302521
2025-02-28 02:00:00+00:00,2025-02-28 02:00:00+00:00,-127.13741742504409
2025-02-28 02:30:00+00:00,2025-02-28 02:30:00+00:00,-39.552926587301585
2025-02-28 03:00:00+00:00,2025-02-28 03:00:00+00:00,-45.20883439153439
2025-02-28 03:30:00+00:00,2025-02-28 03:30:00+00:00,-41.70357142857143
2025-02-28 04:00:00+00:00,2025-02-28 04:00:00+00:00,56.47036953703704
2025-02-28 04:30:00+00:00,2025-02-28 04:30:00+00:00,-158.72016189814815
2025-02-28 05:00:00+00:00,2025-02-28 05:00:00+00:00,133.15431739417988
2025-02-28 05:30:00+00:00,2025-02-28 05:30:00+00:00,142.73495075396826
2025-02-28 06:00:00+00:00,2025-02-28 06:00:00+00:00,269.7147143842102
2025-02-28 06:30:00+00:00,2025-02-28 06:30:00+00:00,588.6528945833334
2025-02-28 07:00:00+00:00,2025-02-28 07:00:00+00:00,217.12640044855607
2025-02-28 07:30:00+00:00,2025-02-28 07:30:00+00:00,256.63605521334534
2025-02-28 08:00:00+00:00,2025-02-28 08:00:00+00:00,471.2418332881767
2025-02-28 08:30:00+00:00,2025-02-28 08:30:00+00:00,256.83599359126987
2025-02-28 09:00:00+00:00,2025-02-28 09:00:00+00:00,433.08082065935184
2025-02-28 09:30:00+00:00,2025-02-28 09:30:00+00:00,293.9032858294004
2025-02-28 10:00:00+00:00,2025-02-28 10:00:00+00:00,320.84277952365727
2025-02-28 10:30:00+00:00,2025-02-28 10:30:00+00:00,128.97688633597883
2025-02-28 11:00:00+00:00,2025-02-28 11:00:00+00:00,-155.18730914682538
2025-02-28 11:30:00+00:00,2025-02-28 11:30:00+00:00,-114.10539215686275
2025-02-28 12:00:00+00:00,2025-02-28 12:00:00+00:00,-203.57299360599126
2025-02-28 12:30:00+00:00,2025-02-28 12:30:00+00:00,-221.33136335886337
2025-02-28 13:00:00+00:00,2025-02-28 13:00:00+00:00,-137.00958333333332
2025-02-28 13:30:00+00:00,2025-02-28 13:30:00+00:00,-115.8756986111111
2025-02-28 14:00:00+00:00,2025-02-28 14:00:00+00:00,-391.54480891283526
2025-02-28 14:30:00+00:00,2025-02-28 14:30:00+00:00,-715.5258371428572
2025-02-28 15:00:00+00:00,2025-02-28 15:00:00+00:00,-470.88085533730157
2025-02-28 15:30:00+00:00,2025-02-28 15:30:00+00:00,-220.7946480762946
2025-02-28 16:00:00+00:00,2025-02-28 16:00:00+00:00,-525.6058219095719
2025-02-28 16:30:00+00:00,2025-02-28 16:30:00+00:00,-156.27902991452993
2025-02-28 17:00:00+00:00,2025-02-28 17:00:00+00:00,-578.0123108414733
2025-02-28 17:30:00+00:00,2025-02-28 17:30:00+00:00,-335.0433988888889
2025-02-28 18:00:00+00:00,2025-02-28 18:00:00+00:00,-37.27848796296296
2025-02-28 18:30:00+00:00,2025-02-28 18:30:00+00:00,63.13915886243386
2025-02-28 19:00:00+00:00,2025-02-28 19:00:00+00:00,24.296334378576848
2025-02-28 19:30:00+00:00,2025-02-28 19:30:00+00:00,-164.87768253968255
2025-02-28 20:00:00+00:00,2025-02-28 20:00:00+00:00,54.31832573412699
2025-02-28 20:30:00+00:00,2025-02-28 20:30:00+00:00,77.71678015872222
2025-02-28 21:00:00+00:00,2025-02-28 21:00:00+00:00,86.52582860789764
2025-02-28 21:30:00+00:00,2025-02-28 21:30:00+00:00,45.59447403361145
2025-02-28 22:00:00+00:00,2025-02-28 22:00:00+00:00,9.976838785612536
2025-02-28 22:30:00+00:00,2025-02-28 22:30:00+00:00,-138.44386406856353
2025-02-28 23:00:00+00:00,2025-02-28 23:00:00+00:00,-113.09615303909706
2025-02-28 23:30:00+00:00,2025-02-28 23:30:00+00:00,111.59918205632717
